AB10,Aberdeen,Aberdeen City,Scotland
AB11,Aberdeen,Aberdeen City,Scotland
AB12,Aberdeen,Aberdeen City,Scotland
AB13,Milltimber,Aberdeen City,Scotland
AB14,Peterculter,Aberdeen City,Scotland
AB15,Aberdeen,Aberdeen City,Scotland
AB16,Aberdeen,Aberdeen City,Scotland
AB21,Aberdeen Airport,Aberdeen City,Scotland
AB22,Bridge Of Don,Aberdeen City,Scotland
AB23,Aberdeen,Aberdeen City,Scotland
AB25,Aberdeen,Aberdeen City,Scotland
AB30,Laurencekirk,Aberdeenshire,Scotland
AB31,Banchory,Aberdeenshire,Scotland
AB32,Westhill,Aberdeenshire,Scotland
AB33,Alford,Aberdeenshire,Scotland
AB34,Aboyne,Aberdeenshire,Scotland
AB35,Ballatar,Aberdeenshire,Scotland
AB36,Strathdon,Aberdeenshire,Scotland
AB37,Ballindalloch,Moray,Scotland
AB38,Aberlour,Moray,Scotland
AB39,Stonehaven,Aberdeenshire,Scotland
AB41,Ellon,Aberdeenshire,Scotland
AB42,Peterhead,Aberdeenshire,Scotland
AB43,Fraserburgh,Aberdeenshire,Scotland
AB44,Macduff,Aberdeenshire,Scotland
AB45,Banff,Aberdeenshire,Scotland
AB51,Inverurie,Aberdeenshire,Scotland
AB52,Insch,Aberdeenshire,Scotland
AB53,Turriff,Aberdeenshire,Scotland
AB54,Huntly,Aberdeenshire,Scotland
AB55,,Moray,Scotland
AB56,,Moray,Scotland
AL1,St Albans,Hertfordshire,England
AL10,Hatfield,Hertfordshire,England
AL2,St Albans,Hertfordshire,England
AL3,Redbourn,Hertfordshire,England
AL4,Sandridge,Hertfordshire,England
AL5,Harpenden,Hertfordshire,England
AL6,Welwyn,Hertfordshire,England
AL7,Welwyn Garden City,Hertfordshire,England
AL8,Welwyn Garden City,Hertfordshire,England
AL9,Hatfield,Hertfordshire,England
B1,,Birmingham,England
B10,,Birmingham,England
B11,,Birmingham,England
B12,,Birmingham,England
B13,,Birmingham,England
B14,,Birmingham,England
B15,,Birmingham,England
B16,,Birmingham,England
B17,,Birmingham,England
B18,,Birmingham,England
B19,,Birmingham,England
B2,,Birmingham,England
B20,,Birmingham,England
B21,,Birmingham,England
B23,,Birmingham,England
B24,,Birmingham,England
B25,,Birmingham,England
B26,,Birmingham,England
B27,,Birmingham,England
B28,,Birmingham,England
B29,,Birmingham,England
B3,,Birmingham,England
B30,,Birmingham,England
B31,,Birmingham,England
B32,,Birmingham,England
B33,,Birmingham,England
B34,,Birmingham,England
B35,,Birmingham,England
B36,Castle Bromwich,Solihull,England
B37,Chelmsley Wood,Solihull,England
B38,Tees Grove,Birmingham,England
B4,,Birmingham,England
B40,Bickenhill,Solihull,England
B42,,Birmingham,England
B43,West Bromwich,Sandwell,England
B44,,Birmingham,England
B45,,Birmingham,England
B46,Coleshill,Warwickshire,England
B47,Wythall,Worcestershire,England
B48,Alvechurch,Worcestershire,England
B49,Alcester,Warwickshire,England
B5,,Birmingham,England
B50,Bidford-on-Avon,Warwickshire,England
B6,,Birmingham,England
B60,Bromsgrove,Worcestershire,England
B61,Bromsgrove,Worcestershire,England
B62,Hurst Green,Dudley,England
B63,Hurst Green,Dudley,England
B64,West Bromwich,Sandwell,England
B65,West Bromwich,Sandwell,England
B66,West Bromwich,Sandwell,England
B67,West Bromwich,Sandwell,England
B68,West Bromwich,Sandwell,England
B69,West Bromwich,Sandwell,England
B7,,Birmingham,England
B70,West Bromwich,Sandwell,England
B71,West Bromwich,Sandwell,England
B72,,Birmingham,England
B73,,Birmingham,England
B74,,Birmingham,England
B75,,Birmingham,England
B76,,Birmingham,England
B77,Tamworth,Staffordshire,England
B78,Tamworth,Staffordshire,England
B79,Wigginton,Staffordshire,England
B8,,Birmingham,England
B80,Studley,Warwickshire,England
B9,,Birmingham,England
B90,,Solihull,England
B91,,Solihull,England
B92,,Solihull,England
B93,Dorridge,Solihull,England
B94,Tanworth-in-Arden,Warwickshire,England
B95,Henley-in-Arden,Warwickshire,England
B96,Redditch,Worcestershire,England
B97,Redditch,Worcestershire,England
B98,Redditch,Worcestershire,England
BA1,Bath,Bath and North East Somerset,England
BA10,Bruton,Somerset,England
BA11,Frome,Somerset,England
BA12,Longbridge Deverill,Wiltshire,England
BA13,Westbury,Wiltshire,England
BA14,Trowbridge,Wiltshire,England
BA15,Bradford-on-Avon,Wiltshire,England
BA16,Street,Somerset,England
BA2,Bath,Bath and North East Somerset,England
BA20,Yeovil,Somerset,England
BA21,Yeovil,Somerset,England
BA22,Mudford,Somerset,England
BA3,Kilmersdon,Somerset,England
BA4,Shepton Mallet,Somerset,England
BA5,St Cuthbert Out,Somerset,England
BA6,Glastonbury,Somerset,England
BA7,Castle Cary,Somerset,England
BA8,Templecombe,Somerset,England
BA9,Wincanton,Somerset,England
BB1,Darwen,Blackburn with Darwen,England
BB10,Burnley,Lancashire,England
BB11,Burnley,Lancashire,England
BB12,Ightenhill,Lancashire,England
BB18,Salterforth,Lancashire,England
BB2,Darwen,Blackburn with Darwen,England
BB3,Darwen,Blackburn with Darwen,England
BB4,Rawtenstall,Lancashire,England
BB5,Accrington,Lancashire,England
BB6,Accrington,Lancashire,England
BB7,Clitheroe,Lancashire,England
BB8,Newchurch,Lancashire,England
BB9,Newchurch,Lancashire,England
BD1,Queensbury,Bradford,England
BD10,Queensbury,Bradford,England
BD11,Dewsbury,Kirklees,England
BD12,Queensbury,Bradford,England
BD13,Queensbury,Bradford,England
BD14,Queensbury,Bradford,England
BD15,Queensbury,Bradford,England
BD16,Bingley,Bradford,England
BD17,Queensbury,Bradford,England
BD18,Queensbury,Bradford,England
BD19,Dewsbury,Kirklees,England
BD2,Queensbury,Bradford,England
BD20,Steeton,Bradford,England
BD21,Keighley,Bradford,England
BD22,Keighley,Bradford,England
BD23,Thorlby,North Yorkshire,England
BD24,Langcliffe,North Yorkshire,England
BD3,Queensbury,Bradford,England
BD4,Queensbury,Bradford,England
BD5,Queensbury,Bradford,England
BD6,Queensbury,Bradford,England
BD7,Queensbury,Bradford,England
BD8,Queensbury,Bradford,England
BD9,Queensbury,Bradford,England
BH1,,Bournemouth,England
BH10,,Bournemouth,England
BH11,,Bournemouth,England
BH12,,Poole,England
BH13,,Poole,England
BH14,,Poole,England
BH15,,Poole,England
BH16,Upton,Dorset,England
BH17,,Poole,England
BH18,,Poole,England
BH19,Swanage,Dorset,England
BH2,,Bournemouth,England
BH20,Wareham,Dorset,England
BH21,Colehill,Dorset,England
BH22,Ferndown,Dorset,England
BH23,Burton,Dorset,England
BH24,Ringwood,Hampshire,England
BH25,New Milton,Hampshire,England
BH3,,Bournemouth,England
BH31,Verwood,Dorset,England
BH4,,Bournemouth,England
BH5,,Bournemouth,England
BH6,,Bournemouth,England
BH7,,Bournemouth,England
BH8,,Bournemouth,England
BH9,,Bournemouth,England
BL0,Ramsbottom,Bury,England
BL1,,Bolton,England
BL2,,Bolton,England
BL3,,Bolton,England
BL4,,Bolton,England
BL5,Westhoughton,Bolton,England
BL6,Horwich,Bolton,England
BL7,,Bolton,England
BL8,,Bury,England
BL9,,Bury,England
BN1,Brighton,Brighton and Hove,England
BN10,Peacehaven,East Sussex,England
BN11,Worthing,West Sussex,England
BN12,Worthing,West Sussex,England
BN13,Worthing,West Sussex,England
BN14,Worthing,West Sussex,England
BN15,Lancing,West Sussex,England
BN16,Rustington,West Sussex,England
BN17,Littlehampton,West Sussex,England
BN18,Arundel,West Sussex,England
BN2,Brighton,Brighton and Hove,England
BN20,Eastbourne,East Sussex,England
BN21,Eastbourne,East Sussex,England
BN22,,East Sussex,England
BN23,Eastbourne,East Sussex,England
BN24,Westham,East Sussex,England
BN25,Seaford,East Sussex,England
BN26,Long Man,East Sussex,England
BN27,Hailsham,East Sussex,England
BN3,Brighton,Brighton and Hove,England
BN41,Brighton,Brighton and Hove,England
BN42,Shoreham-by-Sea,West Sussex,England
BN43,Shoreham-by-Sea,West Sussex,England
BN44,Steyning,West Sussex,England
BN45,Newtimber,West Sussex,England
BN5,Henfield,West Sussex,England
BN6,Clayton,West Sussex,England
BN7,Lewes,East Sussex,England
BN8,Ringmer,East Sussex,England
BN9,Newhaven,East Sussex,England
BR1,Bromley,Greater London,England
BR2,Bromley,Greater London,England
BR3,Bromley,Greater London,England
BR4,Bromley,Greater London,England
BR5,Bromley,Greater London,England
BR6,Bromley,Greater London,England
BR7,Bromley,Greater London,England
BR8,Swanley,Kent,England
BS1,Bristol,City of Bristol,England
BS10,Bristol,City of Bristol,England
BS11,Bristol,City of Bristol,England
BS13,Bristol,City of Bristol,England
BS14,Bristol,City of Bristol,England
BS15,Kingswood,South Gloucestershire,England
BS16,Kingswood,South Gloucestershire,England
BS2,Bristol,City of Bristol,England
BS20,Portbury,North Somerset,England
BS21,Clevedon,North Somerset,England
BS22,Weston-Super-Mare,North Somerset,England
BS23,Weston-Super-Mare,North Somerset,England
BS24,Hutton,North Somerset,England
BS25,Winscombe,North Somerset,England
BS26,Weare,Somerset,England
BS27,Cheddar,Somerset,England
BS28,Wedmore,Somerset,England
BS29,Banwell,North Somerset,England
BS3,Bristol,City of Bristol,England
BS30,Bitton,South Gloucestershire,England
BS31,Keynsham,Bath and North East Somerset,England
BS32,Bradley Stoke,South Gloucestershire,England
BS34,Stoke Gifford,South Gloucestershire,England
BS35,Aust,South Gloucestershire,England
BS36,Frampton Cotterell,South Gloucestershire,England
BS37,Yate,South Gloucestershire,England
BS39,Clutton,Bath and North East Somerset,England
BS4,Bristol,City of Bristol,England
BS40,Nempnett Thrubwell,Bath and North East Somerset,England
BS41,Long Ashton,North Somerset,England
BS48,Nailsea,North Somerset,England
BS49,Yatton,North Somerset,England
BS5,Bristol,City of Bristol,England
BS6,Bristol,City of Bristol,England
BS7,Bristol,City of Bristol,England
BS8,Bristol,City of Bristol,England
BS9,Bristol,City of Bristol,England
BS99,Bristol,City of Bristol,England
BT1,,Belfast,Northern Ireland
BT10,,Belfast,Northern Ireland
BT11,,Belfast,Northern Ireland
BT12,,Belfast,Northern Ireland
BT13,,Belfast,Northern Ireland
BT14,,Belfast,Northern Ireland
BT15,,Belfast,Northern Ireland
BT16,Dundonald,Castlereagh,Northern Ireland
BT17,Dunmurry,Lisburn,Northern Ireland
BT18,Holywood,North Down,Northern Ireland
BT19,Bangor,North Down,Northern Ireland
BT2,,Belfast,Northern Ireland
BT20,Bangor,North Down,Northern Ireland
BT21,Donaghadee,Ards,Northern Ireland
BT22,,Ards,Northern Ireland
BT23,,Ards,Northern Ireland
BT24,,Down,Northern Ireland
BT25,,Banbridge,Northern Ireland
BT26,,Lisburn,Northern Ireland
BT27,,Lisburn,Northern Ireland
BT28,,Lisburn,Northern Ireland
BT29,,Antrim,Northern Ireland
BT3,,Belfast,Northern Ireland
BT30,Downpatrick,Down,Northern Ireland
BT31,,Banbridge,Northern Ireland
BT32,,Banbridge,Northern Ireland
BT33,Newcastle,Down,Northern Ireland
BT34,,Newry and Mourne,Northern Ireland
BT35,,Newry and Mourne,Northern Ireland
BT36,,Newtownabbey,Northern Ireland
BT37,Whiteabbey,Newtownabbey,Northern Ireland
BT38,,Carrickfergus,Northern Ireland
BT39,,Newtownabbey,Northern Ireland
BT4,,Belfast,Northern Ireland
BT40,,Larne,Northern Ireland
BT41,Mill Town,Antrim,Northern Ireland
BT42,,Ballymena,Northern Ireland
BT43,,Ballymena,Northern Ireland
BT44,,Ballymena,Northern Ireland
BT45,,Magherafelt,Northern Ireland
BT46,,Magherafelt,Northern Ireland
BT47,,Derry,Northern Ireland
BT48,Londonderry,Derry,Northern Ireland
BT49,,Limavady,Northern Ireland
BT5,,Belfast,Northern Ireland
BT51,,Coleraine,Northern Ireland
BT52,,Coleraine,Northern Ireland
BT53,,Ballymoney,Northern Ireland
BT54,Ballycastle,Moyle,Northern Ireland
BT55,Portstewart,Coleraine,Northern Ireland
BT56,Portrush,Coleraine,Northern Ireland
BT57,Bushmills,Moyle,Northern Ireland
BT6,,Belfast,Northern Ireland
BT60,,County Armagh,Northern Ireland
BT61,,County Armagh,Northern Ireland
BT62,Portadown,Craigavon,Northern Ireland
BT63,,Craigavon,Northern Ireland
BT64,,Craigavon,Northern Ireland
BT65,,Craigavon,Northern Ireland
BT66,Lurgan,Craigavon,Northern Ireland
BT67,,Craigavon,Northern Ireland
BT68,,Dungannon,Northern Ireland
BT69,,Dungannon,Northern Ireland
BT7,,Belfast,Northern Ireland
BT70,,Dungannon,Northern Ireland
BT71,,Dungannon,Northern Ireland
BT74,,County Fermanagh,Northern Ireland
BT75,Fivemiletown,Dungannon,Northern Ireland
BT76,,Dungannon,Northern Ireland
BT77,,Dungannon,Northern Ireland
BT78,,Omagh,Northern Ireland
BT79,,Omagh,Northern Ireland
BT8,Carryduff,Castlereagh,Northern Ireland
BT80,,Cookstown,Northern Ireland
BT81,,Strabane,Northern Ireland
BT82,,Strabane,Northern Ireland
BT9,,Belfast,Northern Ireland
BT92,,County Fermanagh,Northern Ireland
BT93,,County Fermanagh,Northern Ireland
BT94,,County Fermanagh,Northern Ireland
CA1,Carlisle,Cumbria,England
CA10,Cliburn,Cumbria,England
CA11,Catterlen,Cumbria,England
CA12,Keswick,Cumbria,England
CA13,Cockermouth,Cumbria,England
CA14,Workington,Cumbria,England
CA15,Maryport,Cumbria,England
CA16,Appleby-in-Westmorland,Cumbria,England
CA17,Kirkby Stephen,Cumbria,England
CA18,Muncaster,Cumbria,England
CA19,Muncaster,Cumbria,England
CA2,Carlisle,Cumbria,England
CA20,Gosforth,Cumbria,England
CA21,Beckermet,Cumbria,England
CA22,Egremont,Cumbria,England
CA23,Cleator Moor,Cumbria,England
CA24,Egremont,Cumbria,England
CA25,Cleator Moor,Cumbria,England
CA26,Arlecdon,Cumbria,England
CA27,St Bees,Cumbria,England
CA28,Whitehaven,Cumbria,England
CA3,Carlisle,Cumbria,England
CA4,Wetheral,Cumbria,England
CA5,Orton,Cumbria,England
CA6,Kirklinton,Cumbria,England
CA7,Waverton,Cumbria,England
CA8,Brampton,Cumbria,England
CA9,Alston,Cumbria,England
CB1,Fulbourn,Cambridgeshire,England
CB10,Saffron Walden,Essex,England
CB11,Newport,Essex,England
CB2,Great Shelford,Cambridgeshire,England
CB21,Balsham,Cambridgeshire,England
CB22,Little Shelford,Cambridgeshire,England
CB23,Highfields,Cambridgeshire,England
CB24,Over,Cambridgeshire,England
CB25,Lode,Cambridgeshire,England
CB3,Hardwick,Cambridgeshire,England
CB4,Impington,Cambridgeshire,England
CB5,Stow cum Quy,Cambridgeshire,England
CB6,Downham,Cambridgeshire,England
CB7,Soham,Cambridgeshire,England
CB8,Woodditton,Cambridgeshire,England
CB9,Haverhill,Suffolk,England
CF10,Butetown,Cardiff,Wales
CF11,Grangetown,Cardiff,Wales
CF14,Rhiwbina,Cardiff,Wales
CF15,Pentyrch,Cardiff,Wales
CF23,Pentwyn,Cardiff,Wales
CF24,Adamsdown,Cardiff,Wales
CF3,Trowbridge,Cardiff,Wales
CF31,,Bridgend,Wales
CF32,Garw Valley,Bridgend,Wales
CF33,Cynffig,Bridgend,Wales
CF34,Maesteg,Bridgend,Wales
CF35,Pencoed,Bridgend,Wales
CF36,Porthcawl,Bridgend,Wales
CF37,Pontypridd,Rhondda Cynon Taff,Wales
CF38,Llantwit Fardre,Rhondda Cynon Taff,Wales
CF39,Cymmer,Rhondda Cynon Taff,Wales
CF40,Tonypandy,Rhondda Cynon Taff,Wales
CF41,Ystrad,Rhondda Cynon Taff,Wales
CF42,Treorchy,Rhondda Cynon Taff,Wales
CF43,Ferndale,Rhondda Cynon Taff,Wales
CF44,Aberdare,Rhondda Cynon Taff,Wales
CF45,Penrhiwceiber,Rhondda Cynon Taff,Wales
CF46,Treharris,Merthyr Tydfil,Wales
CF47,Town,Merthyr Tydfil,Wales
CF48,Town,Merthyr Tydfil,Wales
CF5,Ely,Cardiff,Wales
CF61,Llantwit Major,The Vale of Glamorgan,Wales
CF62,Barry,The Vale of Glamorgan,Wales
CF63,Barry,The Vale of Glamorgan,Wales
CF64,Penarth,The Vale of Glamorgan,Wales
CF71,Cowbridge,The Vale of Glamorgan,Wales
CF72,Llanharan,Rhondda Cynon Taff,Wales
CF81,Bargoed,Caerphilly,Wales
CF82,Gelligaer,Caerphilly,Wales
CF83,,Caerphilly,Wales
CH1,Chester,Cheshire West and Chester,England
CH2,Upton,Cheshire West and Chester,England
CH3,Waverton,Cheshire West and Chester,England
CH4,Saltney,Flintshire,England
CH41,Birkenhead,Wirral,England
CH42,Birkenhead,Wirral,England
CH43,Birkenhead,Wirral,England
CH44,Wallasey,Wirral,England
CH45,Wallasey,Wirral,England
CH46,Birkenhead,Wirral,England
CH47,Hoylake,Wirral,England
CH48,Hoylake,Wirral,England
CH49,Birkenhead,Wirral,England
CH5,Shotton,Flintshire,England
CH6,Flint,Flintshire,England
CH60,Heswall,Wirral,England
CH61,Heswall,Wirral,England
CH62,Birkenhead,Wirral,England
CH63,Birkenhead,Wirral,England
CH64,Ellesmere Port,Cheshire West and Chester,England
CH65,Ellesmere Port,Cheshire West and Chester,England
CH66,Ellesmere Port,Cheshire West and Chester,England
CH7,Mold,Flintshire,England
CH8,Holywell,Flintshire,England
CM0,Southminster,Essex,England
CM1,Chelmsford,Essex,England
CM11,,Essex,England
CM12,Billericay,Essex,England
CM13,Brentwood,Essex,England
CM14,Brentwood,Essex,England
CM15,Brentwood,Essex,England
CM16,Epping,Essex,England
CM17,Harlow,Essex,England
CM18,Harlow,Essex,England
CM19,Harlow,Essex,England
CM2,Great Baddow,Essex,England
CM20,Harlow,Essex,England
CM21,Sawbridgeworth,Hertfordshire,England
CM22,Great Hallingbury,Essex,England
CM23,Bishops Stortford,Hertfordshire,England
CM24,Stansted Mountfitchet,Essex,England
CM3,Danbury,Essex,England
CM4,Ingatestone,Essex,England
CM5,Ongar,Essex,England
CM6,Great Dunmow,Essex,England
CM7,Braintree,Essex,England
CM8,Witham,Essex,England
CM9,Heybridge,Essex,England
CO1,Colchester,Essex,England
CO10,Sudbury,Suffolk,England
CO11,Mistley,Essex,England
CO12,Harwich,Essex,England
CO13,Frinton and Walton,Essex,England
CO14,Frinton and Walton,Essex,England
CO15,Clacton-on-Sea,Essex,England
CO16,Little Clacton,Essex,England
CO2,Colchester,Essex,England
CO3,Colchester,Essex,England
CO4,Colchester,Essex,England
CO5,Layer Breton,Essex,England
CO6,Fordham,Essex,England
CO7,Elmstead,Essex,England
CO8,Bures Hamlet,Essex,England
CO9,Sible Hedingham,Essex,England
CR0,Croydon,Greater London,England
CR2,Croydon,Greater London,England
CR3,Whyteleafe,Surrey,England
CR4,Merton,Greater London,England
CR5,Croydon,Greater London,England
CR6,Whyteleafe,Surrey,England
CR7,Croydon,Greater London,England
CR8,Croydon,Greater London,England
CT1,Canterbury,Kent,England
CT10,Broadstairs,Kent,England
CT11,Margate,Kent,England
CT12,Manston,Kent,England
CT13,Sandwich,Kent,England
CT14,Dover,Kent,England
CT15,Whitfield,Kent,England
CT16,Dover,Kent,England
CT17,Dover,Kent,England
CT18,Hawkinge,Kent,England
CT19,Folkestone,Kent,England
CT2,Canterbury,Kent,England
CT20,Folkestone,Kent,England
CT21,Hythe,Kent,England
CT3,Wingham,Kent,England
CT4,Lower Hardres,Kent,England
CT5,Canterbury,Kent,England
CT6,Canterbury,Kent,England
CT7,Birchington,Kent,England
CT8,Margate,Kent,England
CT9,Margate,Kent,England
CV1,,Coventry,England
CV10,Nuneaton,Warwickshire,England
CV11,Nuneaton,Warwickshire,England
CV12,Bedworth,Warwickshire,England
CV13,Market Bosworth,Leicestershire,England
CV2,,Coventry,England
CV21,Rugby,Warwickshire,England
CV22,Rugby,Warwickshire,England
CV23,Dunchurch,Warwickshire,England
CV3,,Coventry,England
CV31,Leamington Spa,Warwickshire,England
CV32,Leamington Spa,Warwickshire,England
CV33,Radford Semele,Warwickshire,England
CV34,Warwick,Warwickshire,England
CV35,Wasperton,Warwickshire,England
CV36,Shipston-on-Stour,Warwickshire,England
CV37,Stratford-Upon-Avon,Warwickshire,England
CV4,,Coventry,England
CV47,Ladbroke,Warwickshire,England
CV5,,Coventry,England
CV6,,Coventry,England
CV7,Hawkes End,Coventry,England
CV8,Kenilworth,Warwickshire,England
CV9,Atherstone,Warwickshire,England
CW1,Crewe,Cheshire East,England
CW10,Middlewich,Cheshire East,England
CW11,Sandbach,Cheshire East,England
CW12,Congleton,Cheshire East,England
CW2,Crewe,Cheshire East,England
CW3,Bridgemere,Cheshire East,England
CW4,Holmes Chapel,Cheshire East,England
CW5,Nantwich,Cheshire East,England
CW6,Tarporley,Cheshire West and Chester,England
CW7,Winsford,Cheshire West and Chester,England
CW8,Weaverham,Cheshire West and Chester,England
CW9,Northwich,Cheshire West and Chester,England
DA1,Dartford,Kent,England
DA10,Swanscombe,Kent,England
DA11,Gravesend,Kent,England
DA12,Gravesend,Kent,England
DA13,Meopham Station,Kent,England
DA14,Bexley,Greater London,England
DA15,Bexley,Greater London,England
DA16,Bexley,Greater London,England
DA17,Crayford,Greater London,England
DA18,Crayford,Greater London,England
DA2,Darenth,Kent,England
DA3,Hartley,Kent,England
DA4,Horton Kirby,Kent,England
DA5,Bexley,Greater London,England
DA6,Bexley,Greater London,England
DA7,Crayford,Greater London,England
DA8,Crayford,Greater London,England
DA9,Stone,Kent,England
DD1,Dundee,Dundee City,Scotland
DD10,,Aberdeenshire,Scotland
DD11,Kirkton,Angus,Scotland
DD2,Dundee,Dundee City,Scotland
DD3,Dundee,Dundee City,Scotland
DD4,Dundee,Dundee City,Scotland
DD5,Dundee,Dundee City,Scotland
DD6,,Fife,Scotland
DD7,Carnoustie,Angus,Scotland
DD8,,Angus,Scotland
DD9,,Angus,Scotland
DE1,,Derby,England
DE11,Swadlincote,Derbyshire,England
DE12,Overseal,Derbyshire,England
DE13,Branston,Staffordshire,England
DE14,Burton upon Trent,Staffordshire,England
DE15,Burton upon Trent,Staffordshire,England
DE21,,Derby,England
DE22,,Derby,England
DE23,,Derby,England
DE24,,Derby,England
DE3,,Derby,England
DE4,Matlock Bath,Derbyshire,England
DE45,Bakewell,Derbyshire,England
DE5,Ripley,Derbyshire,England
DE55,Alfreton,Derbyshire,England
DE56,Belper,Derbyshire,England
DE6,Osmaston,Derbyshire,England
DE65,Hilton,Derbyshire,England
DE7,Ilkeston,Derbyshire,England
DE72,Draycott,Derbyshire,England
DE73,Swarkestone,Derbyshire,England
DE74,Lockington,Leicestershire,England
DE75,Heanor,Derbyshire,England
DG1,,Dumfries and Galloway,Scotland
DG10,,Dumfries and Galloway,Scotland
DG11,,Dumfries and Galloway,Scotland
DG12,Annan,Dumfries and Galloway,Scotland
DG13,,Dumfries and Galloway,Scotland
DG14,,Dumfries and Galloway,Scotland
DG16,Gretna,Dumfries and Galloway,Scotland
DG2,,Dumfries and Galloway,Scotland
DG3,,Dumfries and Galloway,Scotland
DG4,,Dumfries and Galloway,Scotland
DG5,Dalbeattie,Dumfries and Galloway,Scotland
DG6,Kirkcudbright,Dumfries and Galloway,Scotland
DG7,,Dumfries and Galloway,Scotland
DG8,,Dumfries and Galloway,Scotland
DG9,,Dumfries and Galloway,Scotland
DH1,Durham,County Durham,England
DH2,Chester-le-Street,County Durham,England
DH3,North Lodge,County Durham,England
DH4,Houghton-le-Spring,Sunderland,England
DH5,Hetton,Sunderland,England
DH6,Shadforth,County Durham,England
DH7,Esh,County Durham,England
DH8,Burnhope,County Durham,England
DH9,Stanley,County Durham,England
DL1,,Darlington,England
DL10,Skeeby,North Yorkshire,England
DL11,Marske,North Yorkshire,England
DL12,Cotherstone,County Durham,England
DL13,Stanhope,County Durham,England
DL14,Lcp Stanhope and Wolsingham Parishes And,County Durham,England
DL15,Lcp Stanhope and Wolsingham Parishes And,County Durham,England
DL16,Spennymoor,County Durham,England
DL17,Ferryhill,County Durham,England
DL2,Halnaby Ave,Darlington,England
DL3,,Darlington,England
DL4,Shildon,County Durham,England
DL5,Great Aycliffe,County Durham,England
DL6,Winton,North Yorkshire,England
DL7,Yafforth,North Yorkshire,England
DL8,Spennithorne,North Yorkshire,England
DL9,Colburn,North Yorkshire,England
DN1,,Doncaster,England
DN10,Everton,Nottinghamshire,England
DN11,Tickhill,Doncaster,England
DN12,Conisbrough,Doncaster,England
DN14,Airmyn,East Riding of Yorkshire,England
DN15,,North Lincolnshire,England
DN16,,North Lincolnshire,England
DN17,Burringham,North Lincolnshire,England
DN18,Barton-Upon-Humber,North Lincolnshire,England
DN19,Barrow-Upon-Humber,North Lincolnshire,England
DN2,,Doncaster,England
DN20,Broughton,North Lincolnshire,England
DN21,Corringham,Lincolnshire,England
DN22,Clumber and Hardwick,Nottinghamshire,England
DN3,Edenthorpe,Doncaster,England
DN31,,North East Lincolnshire,England
DN32,,North East Lincolnshire,England
DN33,,North East Lincolnshire,England
DN34,,North East Lincolnshire,England
DN35,Cleethorpes,North East Lincolnshire,England
DN36,Tetney,Lincolnshire,England
DN37,Bradley,North East Lincolnshire,England
DN38,Bigby,Lincolnshire,England
DN39,Ulceby,North Lincolnshire,England
DN4,,Doncaster,England
DN40,Immingham,North East Lincolnshire,England
DN41,Stallingborough,North East Lincolnshire,England
DN5,Brodsworth,Doncaster,England
DN6,Owston,Doncaster,England
DN7,Hatfield,Doncaster,England
DN8,Thorne,Doncaster,England
DN9,Haxey,North Lincolnshire,England
DT1,Dorchester,Dorset,England
DT10,Sturminster Newton,Dorset,England
DT11,Bryanston,Dorset,England
DT2,Charminster,Dorset,England
DT3,Weymouth,Dorset,England
DT4,Weymouth,Dorset,England
DT5,Portland,Dorset,England
DT6,Allington,Dorset,England
DT7,Lyme Regis,Dorset,England
DT8,Beaminster,Dorset,England
DT9,Castleton,Dorset,England
DY1,,Dudley,England
DY10,Kidderminster,Worcestershire,England
DY11,Kidderminster,Worcestershire,England
DY12,Upper Arley,Worcestershire,England
DY13,Stourport-on-Severn,Worcestershire,England
DY14,Cleobury Mortimer,Shropshire,England
DY2,,Dudley,England
DY3,,Dudley,England
DY4,West Bromwich,Sandwell,England
DY5,,Dudley,England
DY6,,Dudley,England
DY7,Kinver,Staffordshire,England
DY8,,Dudley,England
DY9,,Dudley,England
E1,Poplar,Greater London,England
E10,Walthamstow,Greater London,England
E11,Walthamstow,Greater London,England
E12,Stratford,Greater London,England
E13,East Ham,Greater London,England
E14,Poplar,Greater London,England
E15,Stratford,Greater London,England
E16,East Ham,Greater London,England
E17,Walthamstow,Greater London,England
E18,Ilford,Greater London,England
E1W,Poplar,Greater London,England
E2,Poplar,Greater London,England
E3,Poplar,Greater London,England
E4,Walthamstow,Greater London,England
E5,Hackney,Greater London,England
E6,East Ham,Greater London,England
E7,Stratford,Greater London,England
E8,Hackney,Greater London,England
E9,Hackney,Greater London,England
EC1,Islington,Greater London,England
EC1A,Islington,Greater London,England
EC1M,Islington,Greater London,England
EC1N,Camden Town,Greater London,England
EC1R,Islington,Greater London,England
EC1V,Islington,Greater London,England
EC1Y,Islington,Greater London,England
EC2,Islington,Greater London,England
EC2A,Islington,Greater London,England
EC2M,,City of London,England
EC2N,,City of London,England
EC2R,,City of London,England
EC2V,,City of London,England
EC2Y,,City of London,England
EC3,,City of London,England
EC3A,,City of London,England
EC3M,,City of London,England
EC3N,,City of London,England
EC3P,Islington,Greater London,England
EC3R,,City of London,England
EC3V,,City of London,England
EC4,,City of London,England
EC4A,,City of London,England
EC4M,,City of London,England
EC4N,,City of London,England
EC4R,,City of London,England
EC4V,,City of London,England
EC4Y,,City of London,England
EH1,Edinburgh,City of Edinburgh,Scotland
EH10,Edinburgh,City of Edinburgh,Scotland
EH11,Juniper Green,City of Edinburgh,Scotland
EH12,Edinburgh,City of Edinburgh,Scotland
EH13,Juniper Green,City of Edinburgh,Scotland
EH14,Juniper Green,City of Edinburgh,Scotland
EH15,Edinburgh,City of Edinburgh,Scotland
EH16,Edinburgh,City of Edinburgh,Scotland
EH17,Edinburgh,City of Edinburgh,Scotland
EH18,Bonnyrigg and Lasswade,Midlothian,Scotland
EH19,Bonnyrigg and Lasswade,Midlothian,Scotland
EH2,Edinburgh,City of Edinburgh,Scotland
EH20,Loanhead,Midlothian,Scotland
EH21,Musselburgh,East Lothian,Scotland
EH22,Dalkeith,Midlothian,Scotland
EH23,Arniston,Midlothian,Scotland
EH24,,Midlothian,Scotland
EH25,Roslin,Midlothian,Scotland
EH26,Penicuik,Midlothian,Scotland
EH27,Kirknewton,West Lothian,Scotland
EH28,,City of Edinburgh,Scotland
EH29,Kirkliston,City of Edinburgh,Scotland
EH3,Edinburgh,City of Edinburgh,Scotland
EH30,Queensferry,City of Edinburgh,Scotland
EH31,Gullane,East Lothian,Scotland
EH32,Cockenzie and Port Seton,East Lothian,Scotland
EH33,Tranent,East Lothian,Scotland
EH34,Pencaitland,East Lothian,Scotland
EH35,Ormiston,East Lothian,Scotland
EH36,,East Lothian,Scotland
EH37,,Midlothian,Scotland
EH38,,The Scottish Borders,Scotland
EH39,North Berwick,East Lothian,Scotland
EH4,Edinburgh,City of Edinburgh,Scotland
EH40,,East Lothian,Scotland
EH41,,East Lothian,Scotland
EH42,,East Lothian,Scotland
EH43,Walkerburn,The Scottish Borders,Scotland
EH44,,The Scottish Borders,Scotland
EH45,Peebles,The Scottish Borders,Scotland
EH46,,The Scottish Borders,Scotland
EH47,,West Lothian,Scotland
EH48,Bathgate,West Lothian,Scotland
EH49,Linlithgow,West Lothian,Scotland
EH5,Edinburgh,City of Edinburgh,Scotland
EH51,Grangepans,Falkirk,Scotland
EH52,Broxburn,West Lothian,Scotland
EH53,Livingston,West Lothian,Scotland
EH54,Livingston,West Lothian,Scotland
EH55,West Calder,West Lothian,Scotland
EH6,Edinburgh,City of Edinburgh,Scotland
EH7,Edinburgh,City of Edinburgh,Scotland
EH8,,City of Edinburgh,Scotland
EH9,Edinburgh,City of Edinburgh,Scotland
EN1,Enfield,Greater London,England
EN10,Broxbourne,Hertfordshire,England
EN11,Hoddesdon,Hertfordshire,England
EN2,Enfield,Greater London,England
EN3,Enfield,Greater London,England
EN4,Barnet,Greater London,England
EN5,Barnet,Greater London,England
EN6,Potters Bar,Hertfordshire,England
EN7,Broxbourne,Hertfordshire,England
EN8,Broxbourne,Hertfordshire,England
EN9,Waltham Abbey,Essex,England
EX1,Exeter,Devon,England
EX10,Sidmouth,Devon,England
EX11,Ottery St Mary,Devon,England
EX12,Seaton,Devon,England
EX13,Axminster,Devon,England
EX14,Honiton,Devon,England
EX15,Kentisbeare,Devon,England
EX16,Tiverton,Devon,England
EX17,Sandford,Devon,England
EX18,Chawleigh,Devon,England
EX19,Dowland,Devon,England
EX2,Exeter,Devon,England
EX20,Okehampton Hamlets,Devon,England
EX21,Black Torrington,Devon,England
EX22,Holsworthy Hamlets,Devon,England
EX23,Bude,Cornwall,England
EX24,Colyton,Devon,England
EX3,Exeter,Devon,England
EX31,Barnstaple,Devon,England
EX32,Barnstaple,Devon,England
EX33,Braunton,Devon,England
EX34,Ilfracombe,Devon,England
EX35,Lynton,Devon,England
EX36,Bishops Nympton,Devon,England
EX37,High Bickington,Devon,England
EX38,Little Torrington,Devon,England
EX39,Abbotsham,Devon,England
EX4,Exeter,Devon,England
EX5,Broad Clyst,Devon,England
EX6,Doddiscombsleigh,Devon,England
EX7,Dawlish,Devon,England
EX8,Exmouth,Devon,England
EX9,Budleigh Salterton,Devon,England
FK1,,Falkirk,Scotland
FK10,Alloa,Clackmannanshire,Scotland
FK11,Menstrie,Clackmannanshire,Scotland
FK12,Alva,Clackmannanshire,Scotland
FK13,Tillicoultry,Clackmannanshire,Scotland
FK14,,Clackmannanshire,Scotland
FK15,,Stirling,Scotland
FK16,Doune,Stirling,Scotland
FK17,Callander,Stirling,Scotland
FK18,Strathyre,Stirling,Scotland
FK19,,Stirling,Scotland
FK2,Hope St,Falkirk,Scotland
FK20,,Stirling,Scotland
FK21,Killin,Stirling,Scotland
FK3,Grangemouth,Falkirk,Scotland
FK4,Dennyloanhead,Falkirk,Scotland
FK5,,Falkirk,Scotland
FK6,Stoneywood,Falkirk,Scotland
FK7,,Stirling,Scotland
FK8,,Stirling,Scotland
FK9,Bridge Of Allan,Stirling,Scotland
FY1,,Blackpool,England
FY2,,Blackpool,England
FY3,,Blackpool,England
FY4,,Blackpool,England
FY5,Hardhorn and Thornton,Lancashire,England
FY6,Hardhorn and Thornton,Lancashire,England
FY7,Hardhorn and Thornton,Lancashire,England
FY8,Lytham Saint Annes,Lancashire,England
G1,Glasgow,Glasgow City,Scotland
G11,Glasgow,Glasgow City,Scotland
G12,Glasgow,Glasgow City,Scotland
G13,Glasgow,Glasgow City,Scotland
G14,Glasgow,Glasgow City,Scotland
G15,Glasgow,Glasgow City,Scotland
G2,Glasgow,Glasgow City,Scotland
G20,Glasgow,Glasgow City,Scotland
G21,Glasgow,Glasgow City,Scotland
G22,Glasgow,Glasgow City,Scotland
G23,Glasgow,Glasgow City,Scotland
G3,Glasgow,Glasgow City,Scotland
G31,Glasgow,Glasgow City,Scotland
G32,Glasgow,Glasgow City,Scotland
G33,Glasgow,Glasgow City,Scotland
G34,Glasgow,Glasgow City,Scotland
G4,Glasgow,Glasgow City,Scotland
G40,Glasgow,Glasgow City,Scotland
G41,Glasgow,Glasgow City,Scotland
G42,Glasgow,Glasgow City,Scotland
G43,Glasgow,Glasgow City,Scotland
G44,Glasgow,Glasgow City,Scotland
G45,Glasgow,Glasgow City,Scotland
G46,Thornliebank,East Renfrewshire,Scotland
G5,Glasgow,Glasgow City,Scotland
G51,Glasgow,Glasgow City,Scotland
G52,Glasgow,Glasgow City,Scotland
G53,Glasgow,Glasgow City,Scotland
G60,Clydebank,West Dunbartonshire,Scotland
G61,Milngavie,East Dunbartonshire,Scotland
G62,Milngavie,East Dunbartonshire,Scotland
G63,Killearn,Stirling,Scotland
G64,Bishopbriggs,East Dunbartonshire,Scotland
G65,Kilsyth,North Lanarkshire,Scotland
G66,Kirkintilloch,East Dunbartonshire,Scotland
G67,Cumbernauld,North Lanarkshire,Scotland
G68,Balloch,North Lanarkshire,Scotland
G69,Glasgow,Glasgow City,Scotland
G71,,South Lanarkshire,Scotland
G72,,South Lanarkshire,Scotland
G73,Cambuslang,South Lanarkshire,Scotland
G74,East Kilbride,South Lanarkshire,Scotland
G76,Thornliebank,East Renfrewshire,Scotland
G77,Newton Mearns,East Renfrewshire,Scotland
G78,,East Renfrewshire,Scotland
G81,Clydebank,West Dunbartonshire,Scotland
G82,Dumbarton,West Dunbartonshire,Scotland
G83,Alexandria,West Dunbartonshire,Scotland
G84,Helensburgh,Argyll and Bute,Scotland
GL1,Gloucester,Gloucestershire,England
GL10,Stonehouse,Gloucestershire,England
GL11,Dursley,Gloucestershire,England
GL12,Kingswood,Gloucestershire,England
GL13,Berkeley,Gloucestershire,England
GL14,Littledean,Gloucestershire,England
GL15,Lydney,Gloucestershire,England
GL16,Coleford,Gloucestershire,England
GL17,Drybrook,Gloucestershire,England
GL18,Oxenhall,Gloucestershire,England
GL19,Ashleworth,Gloucestershire,England
GL2,Gloucester,Gloucestershire,England
GL20,Ashchurch,Gloucestershire,England
GL3,Hucclecote,Gloucestershire,England
GL4,Gloucester,Gloucestershire,England
GL5,Rodborough,Gloucestershire,England
GL50,Cheltenham,Gloucestershire,England
GL51,Cheltenham,Gloucestershire,England
GL52,Prestbury,Gloucestershire,England
GL53,Cheltenham,Gloucestershire,England
GL54,Naunton,Gloucestershire,England
GL55,Chipping Campden,Gloucestershire,England
GL56,Moreton-in-Marsh,Gloucestershire,England
GL6,Thrupp,Gloucestershire,England
GL7,Ampney St Mary,Gloucestershire,England
GL8,Tetbury,Gloucestershire,England
GL9,Hawkesbury,South Gloucestershire,England
GU1,Guildford,Surrey,England
GU10,Farnham,Surrey,England
GU11,Aldershot,Hampshire,England
GU12,Ash,Surrey,England
GU13,Fleet,Hampshire,England
GU14,Farnborough,Hampshire,England
GU15,Camberley,Surrey,England
GU16,Camberley,Surrey,England
GU17,Blackwater and Hawley,Hampshire,England
GU18,Windlesham,Surrey,England
GU19,Windlesham,Surrey,England
GU2,Guildford,Surrey,England
GU20,Windlesham,Surrey,England
GU21,Woking,Surrey,England
GU22,Woking,Surrey,England
GU23,Ripley,Surrey,England
GU24,Bisley,Surrey,England
GU25,Virginia Water,Surrey,England
GU26,Haslemere,Surrey,England
GU27,Haslemere,Surrey,England
GU28,Tillington,West Sussex,England
GU29,Midhurst,West Sussex,England
GU3,Worplesdon,Surrey,England
GU30,Liphook,Hampshire,England
GU31,Petersfield,Hampshire,England
GU32,Stroud,Hampshire,England
GU33,Liss,Hampshire,England
GU34,Alton,Hampshire,England
GU35,Lindford,Hampshire,England
GU4,Guildford,Surrey,England
GU46,Yateley,Hampshire,England
GU47,Sandhurst,Bracknell Forest,England
GU5,Wonersh,Surrey,England
GU51,Fleet,Hampshire,England
GU52,Fleet,Hampshire,England
GU6,Cranleigh,Surrey,England
GU7,Godalming,Surrey,England
GU8,Witley,Surrey,England
GU9,Farnham,Surrey,England
GY1,St Peter Port,Guernsey,Guernsey
GY2,St Sampson,Guernsey,Guernsey
GY3,St Sampson,Guernsey,Guernsey
GY4,Carmel,Guernsey,Guernsey
GY5,ALBecq,Guernsey,Guernsey
GY6,L'Islet,Guernsey,Guernsey
GY7,Richmond,Guernsey,Guernsey
GY8,Mouilpied,Guernsey,Guernsey
GY9,nr Mouilpied,Guernsey,Guernsey
HA0,Brent,Greater London,England
HA1,Harrow,Greater London,England
HA2,Harrow,Greater London,England
HA3,Harrow,Greater London,England
HA4,Hillingdon,Greater London,England
HA5,Harrow,Greater London,England
HA6,Hillingdon,Greater London,England
HA7,Harrow,Greater London,England
HA8,Barnet,Greater London,England
HA9,Brent,Greater London,England
HD1,Huddersfield,Kirklees,England
HD2,Huddersfield,Kirklees,England
HD3,Huddersfield,Kirklees,England
HD4,Huddersfield,Kirklees,England
HD5,Huddersfield,Kirklees,England
HD6,Halifax,Calderdale,England
HD7,Huddersfield,Kirklees,England
HD8,Kirkburton,Kirklees,England
HD9,Holme,Kirklees,England
HG1,Harrogate,North Yorkshire,England
HG2,Harrogate,North Yorkshire,England
HG3,Clint,North Yorkshire,England
HG4,North Stainley,North Yorkshire,England
HG5,Knaresborough,North Yorkshire,England
HP1,Hemel Hempstead,Hertfordshire,England
HP10,Chepping Wycombe,Buckinghamshire,England
HP11,High Wycombe,Buckinghamshire,England
HP12,High Wycombe,Buckinghamshire,England
HP13,High Wycombe,Buckinghamshire,England
HP14,Bledlow-cum-Saunderton,Buckinghamshire,England
HP15,Hazlemere,Buckinghamshire,England
HP16,Great Missenden,Buckinghamshire,England
HP17,Dinton,Buckinghamshire,England
HP18,Ashendon,Buckinghamshire,England
HP19,Aylesbury,Buckinghamshire,England
HP2,Hemel Hempstead,Hertfordshire,England
HP20,Aylesbury,Buckinghamshire,England
HP21,Aylesbury,Buckinghamshire,England
HP22,Weston Turville,Buckinghamshire,England
HP23,Tring,Hertfordshire,England
HP27,Princes Risborough,Buckinghamshire,England
HP3,Hemel Hempstead,Hertfordshire,England
HP4,Berkhamsted,Hertfordshire,England
HP5,Chesham,Buckinghamshire,England
HP6,Amersham,Buckinghamshire,England
HP7,Amersham,Buckinghamshire,England
HP8,Chalfont St Giles,Buckinghamshire,England
HP9,Beaconsfield,Buckinghamshire,England
HR1,Hampton Bishop,County of Herefordshire,England
HR2,Allensmore,County of Herefordshire,England
HR3,Clifford,County of Herefordshire,England
HR4,Burghill,County of Herefordshire,England
HR5,Kington Rural,County of Herefordshire,England
HR6,Leominster,County of Herefordshire,England
HR7,Bromyard,County of Herefordshire,England
HR8,Ledbury,County of Herefordshire,England
HR9,Ross-on-Wye,County of Herefordshire,England
HS1,Stornoway,Eilean Siar,Scotland
HS2,,Eilean Siar,Scotland
HS3,,Eilean Siar,Scotland
HS4,,Eilean Siar,Scotland
HS5,Leverburgh,Eilean Siar,Scotland
HS6,,Eilean Siar,Scotland
HS7,,Eilean Siar,Scotland
HS8,,Eilean Siar,Scotland
HS9,,Eilean Siar,Scotland
HU1,Hull,City of Kingston-upon-Hull,England
HU10,Cottingham,East Riding of Yorkshire,England
HU11,Ellerby,East Riding of Yorkshire,England
HU12,Burstwick,East Riding of Yorkshire,England
HU13,Hessle,East Riding of Yorkshire,England
HU14,North Ferriby,East Riding of Yorkshire,England
HU15,Ellerker,East Riding of Yorkshire,England
HU16,Cottingham,East Riding of Yorkshire,England
HU17,Cottingham,East Riding of Yorkshire,England
HU18,Hornsea,East Riding of Yorkshire,England
HU19,Withernsea,East Riding of Yorkshire,England
HU2,Hull,City of Kingston-upon-Hull,England
HU20,Rowley,East Riding of Yorkshire,England
HU3,Hull,City of Kingston-upon-Hull,England
HU4,Hull,City of Kingston-upon-Hull,England
HU5,Hull,City of Kingston-upon-Hull,England
HU6,Hull,City of Kingston-upon-Hull,England
HU7,Hull,City of Kingston-upon-Hull,England
HU8,Hull,City of Kingston-upon-Hull,England
HU9,Hull,City of Kingston-upon-Hull,England
HX1,Halifax,Calderdale,England
HX2,Halifax,Calderdale,England
HX3,Halifax,Calderdale,England
HX4,Halifax,Calderdale,England
HX5,Halifax,Calderdale,England
HX6,Halifax,Calderdale,England
HX7,Hebden Royd,Calderdale,England
IG1,Ilford,Greater London,England
IG10,Loughton,Essex,England
IG11,Barking,Greater London,England
IG2,Ilford,Greater London,England
IG3,Ilford,Greater London,England
IG4,Ilford,Greater London,England
IG5,Ilford,Greater London,England
IG6,Ilford,Greater London,England
IG7,Loughton,Essex,England
IG8,Ilford,Greater London,England
IG9,Loughton,Essex,England
IM1,"Douglas, Braddan",IOM,Isle of Man
IM2,"Douglas, Braddan",IOM,Isle of Man
IM3,Onchan,IOM,Isle of Man
IM4,"Peel, German",IOM,Isle of Man
IM5,"Baldrine, Loman",IOM,Isle of Man
IM6,Kirk Michael,IOM,Isle of Man
IM7,"St Judes, Andreas",IOM,Isle of Man
IM8,Ramsay,IOM,Isle of Man
IM9,Arbory,IOM,Isle of Man
IP1,Ipswich,Suffolk,England
IP10,Levington,Suffolk,England
IP11,Felixstowe,Suffolk,England
IP12,Bromeswell,Suffolk,England
IP13,Kettleburgh,Suffolk,England
IP14,Stowupland,Suffolk,England
IP15,Aldeburgh,Suffolk,England
IP16,Leiston,Suffolk,England
IP17,Kelsale,Suffolk,England
IP18,Southwold,Suffolk,England
IP19,Halesworth,Suffolk,England
IP2,Ipswich,Suffolk,England
IP20,Harleston,Norfolk,England
IP21,Syleham,Suffolk,England
IP22,Wortham,Suffolk,England
IP23,Eye,Suffolk,England
IP24,Thetford,Norfolk,England
IP25,Ovington,Norfolk,England
IP26,Methwold,Norfolk,England
IP27,Brandon,Suffolk,England
IP28,Tuddenham,Suffolk,England
IP29,Whepstead,Suffolk,England
IP3,Ipswich,Suffolk,England
IP30,Hessett,Suffolk,England
IP31,Pakenham,Suffolk,England
IP32,Bury St Edmunds,Suffolk,England
IP33,Bury St Edmunds,Suffolk,England
IP4,Ipswich,Suffolk,England
IP5,Kesgrave,Suffolk,England
IP6,Hemingstone,Suffolk,England
IP7,Aldham,Suffolk,England
IP8,Sproughton,Suffolk,England
IP9,Holbrook,Suffolk,England
IV1,Inverness,Highland,Scotland
IV10,,Highland,Scotland
IV11,Cromarty,Highland,Scotland
IV12,Nairn,Highland,Scotland
IV13,,Highland,Scotland
IV14,Strathpeffer,Highland,Scotland
IV15,Dingwall,Highland,Scotland
IV16,Evanton,Highland,Scotland
IV17,Alness,Highland,Scotland
IV18,Invergordon,Highland,Scotland
IV19,Tain,Highland,Scotland
IV2,,Highland,Scotland
IV20,,Highland,Scotland
IV21,Gairloch,Highland,Scotland
IV22,,Highland,Scotland
IV23,,Highland,Scotland
IV24,,Highland,Scotland
IV25,,Highland,Scotland
IV26,,Highland,Scotland
IV27,,Highland,Scotland
IV28,Rogart,Highland,Scotland
IV3,Inverness,Highland,Scotland
IV30,Elgin,Moray,Scotland
IV31,Lossiemouth,Moray,Scotland
IV32,Mosstodloch,Moray,Scotland
IV36,Forres,Moray,Scotland
IV4,,Highland,Scotland
IV40,,Highland,Scotland
IV41,Kyleakin,Highland,Scotland
IV42,,Highland,Scotland
IV43,,Highland,Scotland
IV44,Saasaig,Highland,Scotland
IV45,,Highland,Scotland
IV46,Ferrindonald,Highland,Scotland
IV47,,Highland,Scotland
IV48,,Highland,Scotland
IV49,,Highland,Scotland
IV5,,Highland,Scotland
IV51,,Highland,Scotland
IV52,Plockton,Highland,Scotland
IV53,,Highland,Scotland
IV54,,Highland,Scotland
IV55,,Highland,Scotland
IV56,A863,Highland,Scotland
IV6,Muir Of Ord,Highland,Scotland
IV63,Lewiston,Highland,Scotland
IV7,,Highland,Scotland
IV8,,Highland,Scotland
IV9,Avoch,Highland,Scotland
JE1,St Helier,Jersey,Jersey
JE2,St Helier,Jersey,Jersey
JE3,St+F2813 Ouen,Jersey,Jersey
JE4,St Helier,Jersey,Jersey
KA1,Kilmarnock,East Ayrshire,Scotland
KA10,Troon,South Ayrshire,Scotland
KA11,Irvine,North Ayrshire,Scotland
KA12,Irvine,North Ayrshire,Scotland
KA13,Kilwinning,North Ayrshire,Scotland
KA14,Glengarnock,North Ayrshire,Scotland
KA15,Beith,North Ayrshire,Scotland
KA16,Newmilns,East Ayrshire,Scotland
KA17,Darvel,East Ayrshire,Scotland
KA18,Cumnock,East Ayrshire,Scotland
KA19,,South Ayrshire,Scotland
KA2,Gatehead,East Ayrshire,Scotland
KA20,Stevenston,North Ayrshire,Scotland
KA21,Ardrossan,North Ayrshire,Scotland
KA22,Ardrossan,North Ayrshire,Scotland
KA23,West Kilbride,North Ayrshire,Scotland
KA24,Dalry,North Ayrshire,Scotland
KA25,Kilbirnie,North Ayrshire,Scotland
KA26,,South Ayrshire,Scotland
KA27,,North Ayrshire,Scotland
KA28,Millport,North Ayrshire,Scotland
KA29,Fairlie,North Ayrshire,Scotland
KA3,,East Ayrshire,Scotland
KA30,Largs,North Ayrshire,Scotland
KA4,Galston,East Ayrshire,Scotland
KA5,Mauchline,East Ayrshire,Scotland
KA6,,South Ayrshire,Scotland
KA7,Ayr,South Ayrshire,Scotland
KA8,Ayr,South Ayrshire,Scotland
KA9,Ayr,South Ayrshire,Scotland
KT1,Kingston Upon Thames,Greater London,England
KT10,Esher,Surrey,England
KT11,Cobham,Surrey,England
KT12,West Molesey,Surrey,England
KT13,West Molesey,Surrey,England
KT14,,Surrey,England
KT15,Addlestone,Surrey,England
KT16,,Surrey,England
KT17,Epsom,Surrey,England
KT18,,Surrey,England
KT19,Epsom,Surrey,England
KT2,Kingston Upon Thames,Greater London,England
KT20,Reigate and Banstead,Surrey,England
KT21,Leatherhead,Surrey,England
KT22,Leatherhead,Surrey,England
KT23,Dorking,Surrey,England
KT24,East Horsley,Surrey,England
KT3,Kingston Upon Thames,Greater London,England
KT4,Sutton,Greater London,England
KT5,Kingston Upon Thames,Greater London,England
KT6,Kingston Upon Thames,Greater London,England
KT7,Esher,Surrey,England
KT8,West Molesey,Surrey,England
KT9,Kingston Upon Thames,Greater London,England
KW1,,Highland,Scotland
KW10,Golspie,Highland,Scotland
KW11,,Highland,Scotland
KW12,Halkirk,Highland,Scotland
KW13,,Highland,Scotland
KW14,Thurso,Highland,Scotland
KW15,Kirkwall,Orkney Islands,Scotland
KW16,Stromness,Orkney Islands,Scotland
KW17,Gorseness,Orkney Islands,Scotland
KW2,Whaligoe,Highland,Scotland
KW3,Lybster,Highland,Scotland
KW5,,Highland,Scotland
KW6,,Highland,Scotland
KW7,,Highland,Scotland
KW8,,Highland,Scotland
KW9,Brora,Highland,Scotland
KY1,Kirkcaldy,Fife,Scotland
KY10,,Fife,Scotland
KY11,,Fife,Scotland
KY12,Dunfermline,Fife,Scotland
KY13,Kinross,Perth and Kinross,Scotland
KY14,,Fife,Scotland
KY15,,Fife,Scotland
KY16,,Fife,Scotland
KY2,Kirkcaldy,Fife,Scotland
KY3,Burntisland,Fife,Scotland
KY4,,Fife,Scotland
KY5,,Fife,Scotland
KY6,Glenrothes,Fife,Scotland
KY7,Glenrothes,Fife,Scotland
KY8,Leven,Fife,Scotland
KY9,Kilconquhar,Fife,Scotland
L1,,Liverpool,England
L10,Aintree,Sefton,England
L11,,Liverpool,England
L12,,Liverpool,England
L13,,Liverpool,England
L14,,Liverpool,England
L15,,Liverpool,England
L16,,Liverpool,England
L17,,Liverpool,England
L18,Garston,Liverpool,England
L19,Garston,Liverpool,England
L2,,Liverpool,England
L20,Southport,Sefton,England
L21,Southport,Sefton,England
L22,Southport,Sefton,England
L23,Crosby,Liverpool,England
L24,Garston,Liverpool,England
L25,Garston,Liverpool,England
L26,Halewood,Knowsley,England
L27,,Liverpool,England
L28,,Knowsley,England
L29,,Sefton,England
L3,,Liverpool,England
L30,Southport,Sefton,England
L31,Maghull,Sefton,England
L32,Kirkby,Knowsley,England
L33,Kirkby,Knowsley,England
L34,,Knowsley,England
L35,Rainhill,St Helens,England
L36,Hyton,Knowsley,England
L37,Southport,Sefton,England
L38,Southport,Sefton,England
L39,Ormskirk,Lancashire,England
L4,,Liverpool,England
L40,Burscough,Lancashire,England
L5,,Liverpool,England
L6,,Liverpool,England
L69,,Liverpool,England
L7,,Liverpool,England
L70,,Liverpool,England
L8,,Liverpool,England
L9,,Liverpool,England
LA1,Lancaster,Lancashire,England
LA10,Sedbergh,Cumbria,England
LA11,Grange-over-Sands,Cumbria,England
LA12,Ulverston,Cumbria,England
LA13,Dalton-in-Furness,Cumbria,England
LA14,Dalton-in-Furness,Cumbria,England
LA15,Dalton Town with Newton,Cumbria,England
LA16,Ireleth,Cumbria,England
LA17,Kirkby Ireleth,Cumbria,England
LA18,Millom,Cumbria,England
LA19,Bootle,Cumbria,England
LA2,Caton,Lancashire,England
LA20,Broughton West,Cumbria,England
LA21,Coniston,Cumbria,England
LA22,Lakes,Cumbria,England
LA23,Windermere,Cumbria,England
LA3,Lancaster,Lancashire,England
LA4,Lancaster,Lancashire,England
LA5,Warton,Lancashire,England
LA6,Whittingham,Lancashire,England
LA7,Milnthorpe,Cumbria,England
LA8,Kendal,Cumbria,England
LA9,Kendal,Cumbria,England
LD1,Llandrindod Wells,Powys,Wales
LD2,Duhonw,Powys,Wales
LD3,Llanddew,Powys,Wales
LD4,Llangamarch,Powys,Wales
LD5,Treflys,Powys,Wales
LD6,Rhayader,Powys,Wales
LD7,Knighton,Powys,Wales
LD8,Presteigne,Powys,Wales
LE1,,Leicester,England
LE10,Hinckley,Leicestershire,England
LE11,Loughborough,Leicestershire,England
LE12,Loughborough,Leicestershire,England
LE13,Melton Mowbray,Leicestershire,England
LE14,Melton Mowbray,Leicestershire,England
LE15,Hambleton,Rutland,England
LE16,Dingley,Northamptonshire,England
LE17,Gilmorton,Leicestershire,England
LE18,Oadby,Leicestershire,England
LE2,,Leicester,England
LE3,,Leicester,England
LE4,,Leicester,England
LE5,,Leicester,England
LE6,Groby,Leicestershire,England
LE65,Ashby-de-la-Zouch,Leicestershire,England
LE67,Coalville,Leicestershire,England
LE7,Barkby,Leicestershire,England
LE8,Kilby,Leicestershire,England
LE9,Hinckley,Leicestershire,England
LL11,Broughton,Wrexham,Wales
LL12,Gresford,Wrexham,Wales
LL13,Abenbury,Wrexham,Wales
LL14,Ruabon,Wrexham,Wales
LL15,Ruthin,Denbighshire,Wales
LL16,Denbigh,Denbighshire,Wales
LL17,St Asaph,Denbighshire,Wales
LL18,Rhyl,Denbighshire,Wales
LL19,Prestatyn,Denbighshire,Wales
LL20,Llangollen,Denbighshire,Wales
LL21,Corwen,Denbighshire,Wales
LL22,Betws-yn-Rhos,Conwy,Wales
LL23,Bala,Gwynedd,Wales
LL24,Bro Machno,Conwy,Wales
LL25,Dolwyddelan,Conwy,Wales
LL26,Llanrwst,Conwy,Wales
LL27,Trefriw,Conwy,Wales
LL28,Mochdre,Conwy,Wales
LL29,Old Colwyn,Conwy,Wales
LL30,Llandudno,Conwy,Wales
LL31,Deganwy,Conwy,Wales
LL32,Henryd,Conwy,Wales
LL33,Llanfairfechan,Conwy,Wales
LL34,Penmaenmawr,Conwy,Wales
LL35,Aberdovey,Gwynedd,Wales
LL36,Bryncrug,Gwynedd,Wales
LL37,Llangelynin,Gwynedd,Wales
LL38,Arthog,Gwynedd,Wales
LL39,Arthog,Gwynedd,Wales
LL40,Brithdir,Gwynedd,Wales
LL41,Ffestiniog,Gwynedd,Wales
LL42,Barmouth,Gwynedd,Wales
LL43,Dyffryn Ardudwy,Gwynedd,Wales
LL44,Dyffryn Ardudwy,Gwynedd,Wales
LL45,Llanbedr,Gwynedd,Wales
LL46,Harlech,Gwynedd,Wales
LL47,Talsarnau,Gwynedd,Wales
LL48,Penrhyndeudraeth,Gwynedd,Wales
LL49,Porthmadog,Gwynedd,Wales
LL51,Dolbenmaen,Gwynedd,Wales
LL52,Criccieth,Gwynedd,Wales
LL53,Buan,Gwynedd,Wales
LL54,Llanllyfni,Gwynedd,Wales
LL55,Llanrug,Gwynedd,Wales
LL56,Y Felinheli,Gwynedd,Wales
LL57,Llandygai,Gwynedd,Wales
LL58,Beaumaris,Isle of Anglesey,Wales
LL59,Cwm Cadnant,Isle of Anglesey,Wales
LL60,Llanfihangel Ysgeifiog,Isle of Anglesey,Wales
LL61,Llanidan,Isle of Anglesey,Wales
LL62,Bodorgan,Isle of Anglesey,Wales
LL63,Aberffraw,Isle of Anglesey,Wales
LL64,Rhosneigr,Isle of Anglesey,Wales
LL65,Valley,Isle of Anglesey,Wales
LL66,Rhosybol,Isle of Anglesey,Wales
LL67,Llanbadrig,Isle of Anglesey,Wales
LL68,Amlwch,Isle of Anglesey,Wales
LL69,Penysarn,Isle of Anglesey,Wales
LL70,Moelfre,Isle of Anglesey,Wales
LL71,Llannerch-Y-Medd,Isle of Anglesey,Wales
LL72,Moelfre,Isle of Anglesey,Wales
LL73,Llaneugrad,Isle of Anglesey,Wales
LL74,Llanfair-Mathafarn-Eithaf,Isle of Anglesey,Wales
LL75,Pentraeth,Isle of Anglesey,Wales
LL76,Llanfair-Mathafarn-Eithaf,Isle of Anglesey,Wales
LL77,Llangefni,Isle of Anglesey,Wales
LL78,Llanfair-Mathafarn-Eithaf,Isle of Anglesey,Wales
LN1,Burton,Lincolnshire,England
LN10,Woodhall Spa,Lincolnshire,England
LN11,Louth,Lincolnshire,England
LN12,Mablethorpe,Lincolnshire,England
LN13,Alford,Lincolnshire,England
LN2,Nettleham,Lincolnshire,England
LN3,Fiskerton,Lincolnshire,England
LN4,Dunston,Lincolnshire,England
LN5,Waddington,Lincolnshire,England
LN6,Lincoln,Lincolnshire,England
LN7,Caistor,Lincolnshire,England
LN8,Linwood,Lincolnshire,England
LN9,Horncastle,Lincolnshire,England
LS1,,Leeds,England
LS10,,Leeds,England
LS11,,Leeds,England
LS12,,Leeds,England
LS13,,Leeds,England
LS14,,Leeds,England
LS15,,Leeds,England
LS16,,Leeds,England
LS17,Harewood,Leeds,England
LS18,,Leeds,England
LS19,Guiseley,Leeds,England
LS2,,Leeds,England
LS20,Guiseley,Leeds,England
LS21,Otley,Leeds,England
LS22,Wetherby,Leeds,England
LS23,Boston Spa,Leeds,England
LS24,Grimston,North Yorkshire,England
LS25,Micklefield,Leeds,England
LS26,Rothwell,Leeds,England
LS27,Gildersome,Leeds,England
LS28,,Leeds,England
LS29,Ilkley,Bradford,England
LS3,,Leeds,England
LS4,,Leeds,England
LS5,,Leeds,England
LS6,,Leeds,England
LS7,,Leeds,England
LS8,,Leeds,England
LS9,,Leeds,England
LU1,,Luton,England
LU2,,Luton,England
LU3,,Luton,England
LU4,,Luton,England
LU5,Thorn,Central Bedfordshire,England
LU6,Dunstable,Central Bedfordshire,England
LU7,Leighton-Linslade,Central Bedfordshire,England
M1,Manchester,Greater Manchester,England
M11,Manchester,Greater Manchester,England
M12,Manchester,Greater Manchester,England
M13,Manchester,Greater Manchester,England
M14,Manchester,Greater Manchester,England
M15,Manchester,Greater Manchester,England
M16,Manchester,Greater Manchester,England
M17,Urmston,Trafford,England
M18,Manchester,Greater Manchester,England
M19,Manchester,Greater Manchester,England
M2,Manchester,Greater Manchester,England
M20,Manchester,Greater Manchester,England
M21,Manchester,Greater Manchester,England
M22,Manchester,Greater Manchester,England
M23,Manchester,Greater Manchester,England
M24,Middleton,Rochdale,England
M25,,Bury,England
M26,,Bury,England
M27,,Salford,England
M28,Walkden,Salford,England
M29,Pemberton,Wigan,England
M3,,Salford,England
M30,,Salford,England
M31,Partington,Trafford,England
M32,Urmston,Trafford,England
M33,,Trafford,England
M34,Ashton-under-Lyne,Tameside,England
M35,,Oldham,England
M38,Walkden,Salford,England
M4,Manchester,Greater Manchester,England
M40,Manchester,Greater Manchester,England
M41,Urmston,Trafford,England
M43,Ashton-under-Lyne,Tameside,England
M44,,Salford,England
M45,,Bury,England
M46,Pemberton,Wigan,England
M5,,Salford,England
M6,,Salford,England
M60,Manchester,Greater Manchester,England
M7,,Salford,England
M8,Manchester,Greater Manchester,England
M9,Manchester,Greater Manchester,England
M90,Ringway,Greater Manchester,England
ME1,Rochester,Medway,England
ME10,Sittingbourne,Kent,England
ME11,Queenborough,Kent,England
ME12,Sittingbourne,Kent,England
ME13,Faversham,Kent,England
ME14,Maidstone,Kent,England
ME15,Maidstone,Kent,England
ME16,Maidstone,Kent,England
ME17,Leeds,Kent,England
ME18,West Farleigh,Kent,England
ME19,West Malling,Kent,England
ME2,Strood,Medway,England
ME20,Ditton,Kent,England
ME3,Hoo St Werburgh,Medway,England
ME4,Rochester,Medway,England
ME5,Rochester,Medway,England
ME6,Snodland,Kent,England
ME7,Gillingham,Medway,England
ME8,Gillingham,Medway,England
ME9,Sittingbourne,Kent,England
MK1,Bletchley,Milton Keynes,England
MK10,,Milton Keynes,England
MK11,Stony Stratford,Milton Keynes,England
MK12,Stony Stratford,Milton Keynes,England
MK13,Bradwell,Milton Keynes,England
MK14,Stantonbury,Milton Keynes,England
MK15,Willen,Milton Keynes,England
MK16,Newport Pagnell,Milton Keynes,England
MK17,Bow Brickhill,Milton Keynes,England
MK18,,Buckingham,England
MK19,Cosgrove,Northamptonshire,England
MK2,Bletchley,Milton Keynes,England
MK3,Bletchley,Milton Keynes,England
MK4,Shenley Brook End,Milton Keynes,England
MK40,Bedford,Bedford Borough,England
MK41,Bedford,Bedford Borough,England
MK42,Kempston,Bedford Borough,England
MK43,Kempston Rural,Bedford Borough,England
MK44,Wilden,Bedford Borough,England
MK45,Maulden,Central Bedfordshire,England
MK46,Clifton Reynes,Milton Keynes,England
MK5,Shenley Church End,Milton Keynes,England
MK6,Woughton On The Green,Milton Keynes,England
MK7,Walton,Milton Keynes,England
MK8,Bradwell Abbey,Milton Keynes,England
MK9,,Milton Keynes,England
ML1,Motherwell,North Lanarkshire,Scotland
ML10,Strathaven,South Lanarkshire,Scotland
ML11,New Lanark,South Lanarkshire,Scotland
ML12,,South Lanarkshire,Scotland
ML2,Wishaw,North Lanarkshire,Scotland
ML3,Hamilton,South Lanarkshire,Scotland
ML4,Motherwell,North Lanarkshire,Scotland
ML5,Coatbridge,North Lanarkshire,Scotland
ML6,Airdrie,North Lanarkshire,Scotland
ML7,,North Lanarkshire,Scotland
ML8,Carluke,South Lanarkshire,Scotland
ML9,Larkhall,South Lanarkshire,Scotland
N1,Islington,Greater London,England
N10,Tottenham,Greater London,England
N11,Enfield,Greater London,England
N12,Barnet,Greater London,England
N13,Enfield,Greater London,England
N14,Enfield,Greater London,England
N15,Tottenham,Greater London,England
N16,Hackney,Greater London,England
N17,Tottenham,Greater London,England
N18,Enfield,Greater London,England
N19,Islington,Greater London,England
N2,Barnet,Greater London,England
N20,Barnet,Greater London,England
N21,Enfield,Greater London,England
N22,Tottenham,Greater London,England
N3,Barnet,Greater London,England
N4,Hackney,Greater London,England
N5,Islington,Greater London,England
N6,Tottenham,Greater London,England
N7,Islington,Greater London,England
N8,Tottenham,Greater London,England
N9,Enfield,Greater London,England
NE1,,Newcastle Upon Tyne,England
NE10,,Gateshead,England
NE11,Wickham and Dunston,Gateshead,England
NE12,Longbenton,North Tyneside,England
NE13,Brunswick,Newcastle Upon Tyne,England
NE15,Newburn,Newcastle Upon Tyne,England
NE16,Wickham and Dunston,Gateshead,England
NE17,Blaydon,Gateshead,England
NE18,Stamfordham,Northumberland,England
NE19,Elsdon,Northumberland,England
NE2,Byker,Newcastle Upon Tyne,England
NE20,Ponteland,Northumberland,England
NE21,Blaydon,Gateshead,England
NE22,Wansbeck,Northumberland,England
NE23,Blyth,Northumberland,England
NE24,Blyth,Northumberland,England
NE25,,North Tyneside,England
NE26,,North Tyneside,England
NE27,,North Tyneside,England
NE28,,North Tyneside,England
NE29,,North Tyneside,England
NE3,,Newcastle Upon Tyne,England
NE30,,North Tyneside,England
NE31,,South Tyneside,England
NE32,,South Tyneside,England
NE33,,South Tyneside,England
NE34,,South Tyneside,England
NE35,,South Tyneside,England
NE36,,South Tyneside,England
NE37,Washington,Sunderland,England
NE38,Washington,Sunderland,England
NE39,Blaydon,Gateshead,England
NE4,,Newcastle Upon Tyne,England
NE40,Blaydon,Gateshead,England
NE41,Wylam,Northumberland,England
NE42,Prudhoe,Northumberland,England
NE43,Stocksfield,Northumberland,England
NE44,Broomhaugh and Riding,Northumberland,England
NE45,Corbridge,Northumberland,England
NE46,Hexham,Northumberland,England
NE47,Allendale,Northumberland,England
NE48,Bellingham,Northumberland,England
NE49,Haltwhistle,Northumberland,England
NE5,Newburn,Newcastle Upon Tyne,England
NE6,Byker,Newcastle Upon Tyne,England
NE61,Morpeth,Northumberland,England
NE62,Wansbeck,Northumberland,England
NE63,Wansbeck,Northumberland,England
NE64,Wansbeck,Northumberland,England
NE65,Newton on the Moor,Northumberland,England
NE66,Denwick,Northumberland,England
NE67,Ellingham,Northumberland,England
NE68,North Sunderland,Northumberland,England
NE69,Bamburgh,Northumberland,England
NE7,Byker,Newcastle Upon Tyne,England
NE70,Belford,Northumberland,England
NE71,Akeld,Northumberland,England
NE8,,Gateshead,England
NE9,,Gateshead,England
NE99,,Newcastle Upon Tyne,England
NG1,,Nottingham,England
NG10,Ilkeston,Derbyshire,England
NG11,Clifton,Nottingham,England
NG12,Cotgrave,Nottinghamshire,England
NG13,Bingham,Nottinghamshire,England
NG14,Lowdham,Nottinghamshire,England
NG15,Sutton in Ashfield,Nottinghamshire,England
NG16,Greasley,Nottinghamshire,England
NG17,Sutton in Ashfield,Nottinghamshire,England
NG18,Mansfield,Nottinghamshire,England
NG19,Mansfield,Nottinghamshire,England
NG2,West Bridgford,Nottinghamshire,England
NG20,Warsop,Nottinghamshire,England
NG21,Rainworth,Nottinghamshire,England
NG22,Ompton,Nottinghamshire,England
NG23,North Muskham,Nottinghamshire,England
NG24,Newark-on-Trent,Nottinghamshire,England
NG25,Southwell,Nottinghamshire,England
NG3,,Nottingham,England
NG31,Grantham,Lincolnshire,England
NG32,Great Gonerby,Lincolnshire,England
NG33,Burton Coggles,Lincolnshire,England
NG34,Sleaford,Lincolnshire,England
NG4,Carlton,Nottinghamshire,England
NG5,,Nottingham,England
NG6,,Nottingham,England
NG7,,Nottingham,England
NG8,,Nottingham,England
NG9,Beeston,Nottinghamshire,England
NN1,Northampton,Northamptonshire,England
NN10,Rushden,Northamptonshire,England
NN11,Badby,Northamptonshire,England
NN12,Towcester,Northamptonshire,England
NN13,Brackley,Northamptonshire,England
NN14,Warkton,Northamptonshire,England
NN15,Kettering,Northamptonshire,England
NN16,Kettering,Northamptonshire,England
NN17,Corby,Northamptonshire,England
NN18,Corby,Northamptonshire,England
NN2,Northampton,Northamptonshire,England
NN29,Wollaston,Northamptonshire,England
NN3,Northampton,Northamptonshire,England
NN4,Northampton,Northamptonshire,England
NN5,Duston,Northamptonshire,England
NN6,Spratton,Northamptonshire,England
NN7,Northampton,Northamptonshire,England
NN8,Wellingborough,Northamptonshire,England
NN9,Irthlingborough,Northamptonshire,England
NP10,Graig,Newport,Wales
NP11,Abercarn,Caerphilly,Wales
NP12,Blackwood,Caerphilly,Wales
NP13,Abertillery,Blaenau Gwent,Wales
NP15,Gwehelog Fawr,Monmouthshire,Wales
NP16,St Arvans,Monmouthshire,Wales
NP18,Caerleon,Newport,Wales
NP19,Alway,Newport,Wales
NP20,Allt-yr-yn,Newport,Wales
NP22,Tredegar,Blaenau Gwent,Wales
NP23,Ebbw Vale,Blaenau Gwent,Wales
NP24,New Tredegar,Caerphilly,Wales
NP25,Monmouth,Monmouthshire,Wales
NP26,Rogiet,Monmouthshire,Wales
NP4,Trevethin,Torfaen,Wales
NP44,Cwmbran,Torfaen,Wales
NP7,Abergavenny,Monmouthshire,Wales
NP8,Llangattock,Powys,Wales
NR1,Norwich,Norfolk,England
NR10,Hevingham,Norfolk,England
NR11,Erpingham,Norfolk,England
NR12,Smallburgh,Norfolk,England
NR13,Blofield,Norfolk,England
NR14,Alpington,Norfolk,England
NR15,Hempnall,Norfolk,England
NR16,Old Buckenham,Norfolk,England
NR17,Attleborough,Norfolk,England
NR18,Wymondham,Norfolk,England
NR19,Scarning,Norfolk,England
NR2,Norwich,Norfolk,England
NR20,Swanton Morley,Norfolk,England
NR21,Fakenham,Norfolk,England
NR22,Walsingham,Norfolk,England
NR23,Wells-next-the-Sea,Norfolk,England
NR24,Briston,Norfolk,England
NR25,Holt,Norfolk,England
NR26,Sheringham,Norfolk,England
NR27,Cromer,Norfolk,England
NR28,North Walsham,Norfolk,England
NR29,Great Yarmouth,Norfolk,England
NR3,Norwich,Norfolk,England
NR30,Great Yarmouth,Norfolk,England
NR31,Great Yarmouth,Norfolk,England
NR32,Oulton Broad,Suffolk,England
NR33,Oulton Broad,Suffolk,England
NR34,Weston,Suffolk,England
NR35,Bungay,Suffolk,England
NR4,Norwich,Norfolk,England
NR5,Norwich,Norfolk,England
NR6,Norwich,Norfolk,England
NR8,Taverham,Norfolk,England
NR9,Marlingford,Norfolk,England
NW1,Camden Town,Greater London,England
NW10,Brent,Greater London,England
NW11,Barnet,Greater London,England
NW2,Brent,Greater London,England
NW3,Camden Town,Greater London,England
NW4,Barnet,Greater London,England
NW5,Camden Town,Greater London,England
NW6,Camden Town,Greater London,England
NW7,Barnet,Greater London,England
NW8,Paddington,Greater London,England
NW9,Brent,Greater London,England
OL1,,Oldham,England
OL10,Heywood,Rochdale,England
OL11,,Rochdale,England
OL12,,Rochdale,England
OL13,Rawtenstall,Lancashire,England
OL14,Todmorden,Calderdale,England
OL15,,Rochdale,England
OL16,,Rochdale,England
OL2,Shaw,Oldham,England
OL3,Saddleworth,Oldham,England
OL4,,Oldham,England
OL5,Mossley,Tameside,England
OL6,Ashton-under-Lyne,Tameside,England
OL7,Ashton-under-Lyne,Tameside,England
OL8,,Oldham,England
OL9,,Oldham,England
OX1,Oxford,Oxfordshire,England
OX10,Wallingford,Oxfordshire,England
OX11,Didcot,Oxfordshire,England
OX12,Wantage,Oxfordshire,England
OX13,Marcham,Oxfordshire,England
OX14,Culham,Oxfordshire,England
OX15,Tadmarton,Oxfordshire,England
OX16,Banbury,Oxfordshire,England
OX17,Middleton Cheney,Northamptonshire,England
OX18,Carterton,Oxfordshire,England
OX2,Oxford,Oxfordshire,England
OX20,Woodstock,Oxfordshire,England
OX25,Chesterton,Oxfordshire,England
OX26,Bicester,Oxfordshire,England
OX27,Fringford,Oxfordshire,England
OX28,Witney,Oxfordshire,England
OX29,Eynsham,Oxfordshire,England
OX3,Oxford,Oxfordshire,England
OX33,Holton,Oxfordshire,England
OX39,Chinnor,Oxfordshire,England
OX4,Oxford,Oxfordshire,England
OX44,Cuddesdon,Oxfordshire,England
OX49,Watlington,Oxfordshire,England
OX5,Kidlington,Oxfordshire,England
OX6,Bicester,Oxfordshire,England
OX7,Chadlington,Oxfordshire,England
OX8,South Leigh,Oxfordshire,England
OX9,Thame,Oxfordshire,England
PA1,Paisley,Renfrewshire,Scotland
PA10,Kilbarchan,Renfrewshire,Scotland
PA11,Ranfurly,Renfrewshire,Scotland
PA12,Lochwinnoch,Renfrewshire,Scotland
PA13,Kilmacolm,Inverclyde,Scotland
PA14,Greenock,Inverclyde,Scotland
PA15,Greenock,Inverclyde,Scotland
PA16,Greenock,Inverclyde,Scotland
PA17,Skelmorlie,North Ayrshire,Scotland
PA18,Wemyss Bay,Inverclyde,Scotland
PA19,Greenock,Inverclyde,Scotland
PA2,Paisley,Renfrewshire,Scotland
PA20,Rothesay,Argyll and Bute,Scotland
PA21,Tighnabruaich,Argyll and Bute,Scotland
PA22,,Argyll and Bute,Scotland
PA23,Port Riddell,Argyll and Bute,Scotland
PA24,Lochgoilhead,Argyll and Bute,Scotland
PA25,,Argyll and Bute,Scotland
PA26,Cairndow,Argyll and Bute,Scotland
PA27,Strachur,Argyll and Bute,Scotland
PA28,,Argyll and Bute,Scotland
PA29,,Argyll and Bute,Scotland
PA3,Paisley,Renfrewshire,Scotland
PA30,Ardrishaig,Argyll and Bute,Scotland
PA31,,Argyll and Bute,Scotland
PA32,,Argyll and Bute,Scotland
PA33,,Argyll and Bute,Scotland
PA34,,Argyll and Bute,Scotland
PA35,,Argyll and Bute,Scotland
PA36,Bridge of Orchy,Argyll and Bute,Scotland
PA37,,Argyll and Bute,Scotland
PA38,,Argyll and Bute,Scotland
PA4,Renfrew,Renfrewshire,Scotland
PA41,,Argyll and Bute,Scotland
PA42,Port Ellen,Argyll and Bute,Scotland
PA43,Bowmore,Argyll and Bute,Scotland
PA44,Blackrock,Argyll and Bute,Scotland
PA45,Ballygrant,Argyll and Bute,Scotland
PA46,Port Askaig,Argyll and Bute,Scotland
PA47,Portnahaven,Argyll and Bute,Scotland
PA48,Port Charlotte,Argyll and Bute,Scotland
PA49,,Argyll and Bute,Scotland
PA5,Johnstone,Renfrewshire,Scotland
PA6,,Renfrewshire,Scotland
PA60,,Argyll and Bute,Scotland
PA61,Scalasaig,Argyll and Bute,Scotland
PA62,,Argyll and Bute,Scotland
PA63,,Argyll and Bute,Scotland
PA64,Lochdon,Argyll and Bute,Scotland
PA65,,Argyll and Bute,Scotland
PA66,,Argyll and Bute,Scotland
PA67,Bunessan,Argyll and Bute,Scotland
PA68,,Argyll and Bute,Scotland
PA69,,Argyll and Bute,Scotland
PA7,Bishopton,Renfrewshire,Scotland
PA70,,Argyll and Bute,Scotland
PA71,,Argyll and Bute,Scotland
PA72,,Argyll and Bute,Scotland
PA73,,Argyll and Bute,Scotland
PA74,,Argyll and Bute,Scotland
PA75,,Argyll and Bute,Scotland
PA76,,Argyll and Bute,Scotland
PA77,Crossapol,Argyll and Bute,Scotland
PA78,,Argyll and Bute,Scotland
PA8,,Renfrewshire,Scotland
PA9,Howwood,Renfrewshire,Scotland
PE1,,Peterborough,England
PE10,Bourne,Lincolnshire,England
PE11,Pinchbeck,Lincolnshire,England
PE12,Fleet,Lincolnshire,England
PE13,Wisbech,Cambridgeshire,England
PE14,Emneth,Norfolk,England
PE15,March,Cambridgeshire,England
PE16,Chatteris,Cambridgeshire,England
PE19,St Neots,Cambridgeshire,England
PE2,,Peterborough,England
PE20,Swineshead,Lincolnshire,England
PE21,Boston,Lincolnshire,England
PE22,Old Leake,Lincolnshire,England
PE23,Spilsby,Lincolnshire,England
PE24,Burgh Le Marsh,Lincolnshire,England
PE25,Skegness,Lincolnshire,England
PE26,Ramsey,Cambridgeshire,England
PE27,St Ives,Cambridgeshire,England
PE28,The Stukeleys,Cambridgeshire,England
PE29,Huntingdon,Cambridgeshire,England
PE3,,Peterborough,England
PE30,King's Lynn,Norfolk,England
PE31,Snettisham,Norfolk,England
PE32,West Acre,Norfolk,England
PE33,Shouldham,Norfolk,England
PE34,Wiggenhall St Germans,Norfolk,England
PE35,Sandringham,Norfolk,England
PE36,Old Hunstanton,Norfolk,England
PE37,Swaffham,Norfolk,England
PE38,Denver,Norfolk,England
PE4,,Peterborough,England
PE5,Ailsworth,Peterborough,England
PE6,Deeping St James,Lincolnshire,England
PE7,Farcet,Cambridgeshire,England
PE8,Tansor,Northamptonshire,England
PE9,Stamford,Lincolnshire,England
PH1,,Perth and Kinross,Scotland
PH10,,Perth and Kinross,Scotland
PH11,,Perth and Kinross,Scotland
PH12,,Perth and Kinross,Scotland
PH13,,Perth and Kinross,Scotland
PH14,,Perth and Kinross,Scotland
PH15,,Perth and Kinross,Scotland
PH16,,Perth and Kinross,Scotland
PH17,Killichonan,Perth and Kinross,Scotland
PH18,,Perth and Kinross,Scotland
PH19,Dalwhinnie,Highland,Scotland
PH2,,Perth and Kinross,Scotland
PH20,,Highland,Scotland
PH21,,Highland,Scotland
PH22,Aviemore,Highland,Scotland
PH23,,Highland,Scotland
PH24,Boat Of Garten,Highland,Scotland
PH25,Nethy Bridge,Highland,Scotland
PH26,Grantown-on-Spey,Highland,Scotland
PH3,Auchterarder,Perth and Kinross,Scotland
PH30,,Highland,Scotland
PH31,,Highland,Scotland
PH32,Fort Augustus,Highland,Scotland
PH33,Fort William,Highland,Scotland
PH34,,Highland,Scotland
PH35,,Highland,Scotland
PH36,Kentra,Highland,Scotland
PH38,,Highland,Scotland
PH39,Arisaig,Highland,Scotland
PH4,Blackford,Perth and Kinross,Scotland
PH40,,Highland,Scotland
PH41,Mallaig,Highland,Scotland
PH42,Isle Of Eigg,Highland,Scotland
PH43,Isle Of Rum,Inverness-shire,Scotland
PH44,Isle Of Canna,Highland,Scotland
PH49,Glencoe,Highland,Scotland
PH5,Muthill,Perth and Kinross,Scotland
PH50,Kinlochleven,Highland,Scotland
PH6,Comrie,Perth and Kinross,Scotland
PH7,Crieff,Perth and Kinross,Scotland
PH8,,Perth and Kinross,Scotland
PH9,,Perth and Kinross,Scotland
PL1,,Plymouth,England
PL10,Rame,Cornwall,England
PL11,Antony,Cornwall,England
PL12,Saltash,Cornwall,England
PL13,Looe,Cornwall,England
PL14,Liskeard,Cornwall,England
PL15,South Petherwin,Cornwall,England
PL16,Lifton,Devon,England
PL17,Callington,Cornwall,England
PL18,Calstock,Cornwall,England
PL19,Tavistock,Devon,England
PL2,,Plymouth,England
PL20,Horrabridge,Devon,England
PL21,Ivybridge,Devon,England
PL22,Lostwithiel,Cornwall,England
PL23,Fowey,Cornwall,England
PL24,St Blaise,Cornwall,England
PL25,St Austell,Cornwall,England
PL26,St Mewan,Cornwall,England
PL27,St Breock,Cornwall,England
PL28,Padstow,Cornwall,England
PL29,St Endellion,Cornwall,England
PL3,,Plymouth,England
PL30,Helland,Cornwall,England
PL31,Bodmin,Cornwall,England
PL32,Camelford,Cornwall,England
PL33,St Teath,Cornwall,England
PL34,Tintagel,Cornwall,England
PL35,Forrabury and Minster,Cornwall,England
PL4,,Plymouth,England
PL5,,Plymouth,England
PL6,,Plymouth,England
PL7,Plympton,Plymouth,England
PL8,Yealmpton,Devon,England
PL9,Plymstock,Plymouth,England
PO1,,Portsmouth,England
PO10,Hermitage,West Sussex,England
PO11,South Hayling,Hampshire,England
PO12,Gosport,Hampshire,England
PO13,Gosport,Hampshire,England
PO14,,Hampshire,England
PO15,,Hampshire,England
PO16,,Hampshire,England
PO17,Wickham,Hampshire,England
PO18,Funtington,West Sussex,England
PO19,Chichester,West Sussex,England
PO2,,Portsmouth,England
PO20,Sidlesham,West Sussex,England
PO21,Aldwick,West Sussex,England
PO22,Felpham,West Sussex,England
PO3,,Portsmouth,England
PO30,Newport,Isle Of Wight,England
PO31,Cowes,Isle Of Wight,England
PO32,Newport,Isle Of Wight,England
PO33,Newport,Isle Of Wight,England
PO34,Nettlestone,Isle Of Wight,England
PO35,Bembridge,Isle Of Wight,England
PO36,Sandown,Isle Of Wight,England
PO37,Shanklin,Isle Of Wight,England
PO38,Ventnor,Isle Of Wight,England
PO39,Totland,Isle Of Wight,England
PO4,,Portsmouth,England
PO40,Freshwater,Isle Of Wight,England
PO41,Yarmouth,Isle Of Wight,England
PO5,,Portsmouth,England
PO6,,Portsmouth,England
PO7,Southwick,Hampshire,England
PO8,Horndean,Hampshire,England
PO9,Havant,Hampshire,England
PR1,Preston,Lancashire,England
PR2,Preston,Lancashire,England
PR25,Leyland,Lancashire,England
PR26,Leyland,Lancashire,England
PR3,Claughton,Lancashire,England
PR4,Freckleton,Lancashire,England
PR5,Bamber Bridge,Lancashire,England
PR6,Chorley,Lancashire,England
PR7,Chorley,Lancashire,England
PR8,Southport,Sefton,England
PR9,Southport,Sefton,England
RG1,,Reading,England
RG10,Twyford,Wokingham,England
RG12,Bracknell,Bracknell Forest,England
RG14,Newbury,West Berkshire,England
RG17,Hungerford,West Berkshire,England
RG18,Bucklebury,West Berkshire,England
RG19,Thatcham,West Berkshire,England
RG2,,Reading,England
RG20,Newbury,West Berkshire,England
RG21,Basingstoke,Hampshire,England
RG22,Basingstoke,Hampshire,England
RG23,Basingstoke,Hampshire,England
RG24,Basingstoke,Hampshire,England
RG25,Dummer,Hampshire,England
RG26,Pamber,Hampshire,England
RG27,Hook,Hampshire,England
RG28,Whitchurch,Hampshire,England
RG29,Odiham,Hampshire,England
RG30,,Reading,England
RG31,,Reading,England
RG4,,Reading,England
RG40,,Wokingham,England
RG41,,Wokingham,England
RG42,Warfield,Bracknell Forest,England
RG45,Wokingham Without,Wokingham,England
RG5,Woodley,Wokingham,England
RG6,Earley,Wokingham,England
RG7,Sulhamstead,West Berkshire,England
RG8,Whitchurch-on-Thames,Oxfordshire,England
RG9,Rotherfield Greys,Oxfordshire,England
RH1,Reigate and Banstead,Surrey,England
RH10,Crawley,West Sussex,England
RH11,Crawley,West Sussex,England
RH12,Horsham,West Sussex,England
RH13,Southwater,West Sussex,England
RH14,Wisborough Green,West Sussex,England
RH15,Burgess Hill,West Sussex,England
RH16,Haywards Heath,West Sussex,England
RH17,Cuckfield Rural,West Sussex,England
RH18,Forest Row,East Sussex,England
RH19,East Grinstead,West Sussex,England
RH2,Reigate and Banstead,Surrey,England
RH20,Storrington,West Sussex,England
RH3,Brockham,Surrey,England
RH4,Dorking,Surrey,England
RH5,Capel,Surrey,England
RH6,Horley,Surrey,England
RH7,Lingfield,Surrey,England
RH8,Limpsfield,Surrey,England
RH9,Godstone,Surrey,England
RM1,Romford,Greater London,England
RM10,Barking,Greater London,England
RM11,Romford,Greater London,England
RM12,Romford,Greater London,England
RM13,Romford,Greater London,England
RM14,Romford,Greater London,England
RM15,,Thurrock,England
RM16,,Thurrock,England
RM17,,Thurrock,England
RM18,,Thurrock,England
RM19,,Thurrock,England
RM2,Romford,Greater London,England
RM20,,Thurrock,England
RM3,Romford,Greater London,England
RM4,Stapleford Abbotts,Essex,England
RM5,Romford,Greater London,England
RM6,Barking,Greater London,England
RM7,Romford,Greater London,England
RM8,Barking,Greater London,England
RM9,Barking,Greater London,England
S1,Norton,Sheffield,England
S10,Norton,Sheffield,England
S11,Norton,Sheffield,England
S12,Norton,Sheffield,England
S13,Norton,Sheffield,England
S14,Norton,Sheffield,England
S17,Norton,Sheffield,England
S18,Dronfield,Derbyshire,England
S2,Norton,Sheffield,England
S20,Norton,Sheffield,England
S21,Eckington,Derbyshire,England
S25,Dinnington,Rotherham,England
S26,Todwick,Rotherham,England
S3,Norton,Sheffield,England
S32,Grindleford,Derbyshire,England
S33,Aston,Derbyshire,England
S35,Ecclesfield,Sheffield,England
S36,Hunshelf,Barnsley,England
S4,Norton,Sheffield,England
S40,Chesterfield,Derbyshire,England
S41,Chesterfield,Derbyshire,England
S42,Wingerworth,Derbyshire,England
S43,Staveley,Derbyshire,England
S44,Bolsover,Derbyshire,England
S45,Clay Cross,Derbyshire,England
S5,Norton,Sheffield,England
S6,Norton,Sheffield,England
S60,,Rotherham,England
S61,,Rotherham,England
S62,Rawmarsh,Rotherham,England
S63,,Barnsley,England
S64,,Rotherham,England
S65,,Rotherham,England
S66,Bramley,Rotherham,England
S7,Norton,Sheffield,England
S70,,Barnsley,England
S71,,Barnsley,England
S72,Brierley,Barnsley,England
S73,Darfield,Barnsley,England
S74,Hoyland,Barnsley,England
S75,,Barnsley,England
S8,Norton,Sheffield,England
S80,Clumber and Hardwick,Nottinghamshire,England
S81,Carlton in Lindrick,Nottinghamshire,England
S9,Norton,Sheffield,England
SA1,Landore,Swansea,Wales
SA10,Blaenhonddan,Neath Port Talbot,Wales
SA11,Tonna,Neath Port Talbot,Wales
SA12,Baglan,Neath Port Talbot,Wales
SA13,Bryn,Neath Port Talbot,Wales
SA14,Llannon,Carmarthenshire,Wales
SA15,Llanelli Rural,Carmarthenshire,Wales
SA16,Cefn Sidan,Carmarthenshire,Wales
SA17,Kidwelly,Carmarthenshire,Wales
SA18,Betws,Carmarthenshire,Wales
SA19,Talley,Carmarthenshire,Wales
SA2,Sketty,Swansea,Wales
SA20,Llandovery,Carmarthenshire,Wales
SA3,Bishopston,Swansea,Wales
SA31,Carmarthen,Carmarthenshire,Wales
SA32,Llanegwad,Carmarthenshire,Wales
SA33,Meidrim,Carmarthenshire,Wales
SA34,Llanfallteg,Carmarthenshire,Wales
SA35,Clydau,Pembrokeshire,Wales
SA36,Crymych,Pembrokeshire,Wales
SA37,Boncath,Pembrokeshire,Wales
SA38,Newcastle Emlyn,Carmarthenshire,Wales
SA39,Llanfihangel-Ar-Arth,Carmarthenshire,Wales
SA4,Gorseinon,Swansea,Wales
SA40,Llanwenog,Ceredigion,Wales
SA41,Eglwyswrw,Pembrokeshire,Wales
SA42,Newport,Pembrokeshire,Wales
SA43,Llangoedmor,Ceredigion,Wales
SA44,Troedyraur,Ceredigion,Wales
SA45,New Quay,Ceredigion,Wales
SA46,Aberaeron,Ceredigion,Wales
SA47,Llanarth,Ceredigion,Wales
SA48,Llangybi,Ceredigion,Wales
SA5,Penderry,Swansea,Wales
SA6,Morriston,Swansea,Wales
SA61,Haverfordwest,Pembrokeshire,Wales
SA62,Nolton,Pembrokeshire,Wales
SA63,Wiston,Pembrokeshire,Wales
SA64,Pencaer,Pembrokeshire,Wales
SA65,Fishguard,Pembrokeshire,Wales
SA66,Maenclochog,Pembrokeshire,Wales
SA67,Narberth,Pembrokeshire,Wales
SA68,Jeffreyston,Pembrokeshire,Wales
SA69,Saundersfoot,Pembrokeshire,Wales
SA7,Llansamlet,Swansea,Wales
SA70,Penally,Pembrokeshire,Wales
SA71,Pembroke,Pembrokeshire,Wales
SA72,Pembroke Dock,Pembrokeshire,Wales
SA73,Milford Haven,Pembrokeshire,Wales
SA8,Pontardawe,Neath Port Talbot,Wales
SA9,Ystradgynlais,Powys,Wales
SE1,Camberwell,Greater London,England
SE10,Greenwich,Greater London,England
SE11,Lambeth,Greater London,England
SE12,Greenwich,Greater London,England
SE13,Lewisham,Greater London,England
SE14,Lewisham,Greater London,England
SE15,Camberwell,Greater London,England
SE16,Camberwell,Greater London,England
SE17,Camberwell,Greater London,England
SE18,Eltham,Greater London,England
SE19,Croydon,Greater London,England
SE2,Eltham,Greater London,England
SE20,Bromley,Greater London,England
SE21,Camberwell,Greater London,England
SE22,Camberwell,Greater London,England
SE23,Lewisham,Greater London,England
SE24,Camberwell,Greater London,England
SE25,Croydon,Greater London,England
SE26,Lewisham,Greater London,England
SE27,Lambeth,Greater London,England
SE28,Eltham,Greater London,England
SE3,Greenwich,Greater London,England
SE4,Lewisham,Greater London,England
SE5,Camberwell,Greater London,England
SE6,Lewisham,Greater London,England
SE7,Greenwich,Greater London,England
SE8,Lewisham,Greater London,England
SE9,Eltham,Greater London,England
SG1,Stevenage,Hertfordshire,England
SG10,Much Hadham,Hertfordshire,England
SG11,Standon,Hertfordshire,England
SG12,Ware,Hertfordshire,England
SG13,,Hertford,England
SG14,,Hertford,England
SG15,Arlesey,Central Bedfordshire,England
SG16,Henlow,Central Bedfordshire,England
SG17,Shefford,Central Bedfordshire,England
SG18,Biggleswade,Central Bedfordshire,England
SG19,Everton,Central Bedfordshire,England
SG2,Stevenage,Hertfordshire,England
SG3,Knebworth,Hertfordshire,England
SG4,Ippollitts,Hertfordshire,England
SG5,Ickleford,Hertfordshire,England
SG6,Hitchin,Hertfordshire,England
SG7,Bygrave,Hertfordshire,England
SG8,Melbourn,Cambridgeshire,England
SG9,Buntingford,Hertfordshire,England
SK1,,Stockport,England
SK10,Macclesfield,Cheshire East,England
SK11,Macclesfield,Cheshire East,England
SK12,Poynton,Cheshire East,England
SK13,Glossop,Derbyshire,England
SK14,Ashton-under-Lyne,Tameside,England
SK15,,Tameside,England
SK16,Ashton-under-Lyne,Tameside,England
SK17,King Sterndale,Derbyshire,England
SK2,,Stockport,England
SK22,New Mills,Derbyshire,England
SK23,Chapel-en-le-Frith,Derbyshire,England
SK3,,Stockport,England
SK4,,Stockport,England
SK5,,Stockport,England
SK6,,Stockport,England
SK7,Cheadle,Stockport,England
SK8,,Stockport,England
SK9,Macclesfield,Cheshire East,England
SL0,Iver,Buckinghamshire,England
SL1,Colnbrook with Poyle,Slough,England
SL2,Colnbrook with Poyle,Slough,England
SL3,Colnbrook with Poyle,Slough,England
SL4,Windsor,Windsor and Maidenhead,England
SL5,Sunninghill,Windsor and Maidenhead,England
SL6,Maidenhead,Windsor and Maidenhead,England
SL7,Marlow,Buckinghamshire,England
SL8,Wooburn,Buckinghamshire,England
SL9,Chalfont St Peter,Buckinghamshire,England
SM1,Sutton,Greater London,England
SM2,Sutton,Greater London,England
SM3,Sutton,Greater London,England
SM4,Merton,Greater London,England
SM5,Sutton,Greater London,England
SM6,Sutton,Greater London,England
SM7,Reigate and Banstead,Surrey,England
SN1,,Swindon,England
SN10,Roundway,Wiltshire,England
SN11,Calne,Wiltshire,England
SN12,Melksham,Wiltshire,England
SN13,Corsham,Wiltshire,England
SN14,Yatton Keynell,Wiltshire,England
SN15,Bremhill,Wiltshire,England
SN16,Malmesbury,Wiltshire,England
SN2,,Swindon,England
SN25,Haydon Wick,Swindon,England
SN26,Blunsdon St Andrew,Swindon,England
SN3,,Swindon,England
SN4,Wroughton,Swindon,England
SN5,,Swindon,England
SN6,Stanton Fitzwarren,Swindon,England
SN7,Shellingford,Oxfordshire,England
SN8,Savernake,Wiltshire,England
SN9,Manningford,Wiltshire,England
SO14,,Southampton,England
SO15,,Southampton,England
SO16,9 Arcadia Close,Southampton,England
SO17,,Southampton,England
SO18,,Southampton,England
SO19,,Southampton,England
SO20,Longstock,Hampshire,England
SO21,Winchester,Hampshire,England
SO22,Winchester,Hampshire,England
SO23,Winchester,Hampshire,England
SO24,Bishops Sutton,Hampshire,England
SO30,Hedge End,Hampshire,England
SO31,Locks Heath,Hampshire,England
SO32,Bishops Waltham,Hampshire,England
SO40,Totton,Hampshire,England
SO41,Lymington,Hampshire,England
SO42,Denny Lodge,Hampshire,England
SO43,Lyndhurst,Hampshire,England
SO45,Hythe,Hampshire,England
SO50,Eastleigh,Hampshire,England
SO51,Romsey,Hampshire,England
SO52,North Baddesley,Hampshire,England
SO53,Eastleigh,Hampshire,England
SP1,Salisbury,Wiltshire,England
SP10,Andover,Hampshire,England
SP11,Charlton,Hampshire,England
SP2,Salisbury,Wiltshire,England
SP3,Dinton,Wiltshire,England
SP4,Amesbury,Wiltshire,England
SP5,Downton,Wiltshire,England
SP6,Fordingbridge,Hampshire,England
SP7,Shaftesbury,Dorset,England
SP8,Gillingham,Dorset,England
SP9,South Tidworth,Hampshire,England
SR1,,Sunderland,England
SR2,,Sunderland,England
SR3,Houghton-le-Spring,Sunderland,England
SR4,Houghton-le-Spring,Sunderland,England
SR5,Castletown,Sunderland,England
SR6,,Sunderland,England
SR7,Dalton-le-Dale,County Durham,England
SR8,Peterlee,County Durham,England
SR9,,Sunderland,England
SS0,,Southend-on-Sea,England
SS1,,Southend-on-Sea,England
SS11,Wickford,Essex,England
SS12,Wickford,Essex,England
SS13,Basildon,Essex,England
SS14,Basildon,Essex,England
SS15,Basildon,Essex,England
SS16,Basildon,Essex,England
SS17,Corringham,Thurrock,England
SS2,,Southend-on-Sea,England
SS3,,Southend-on-Sea,England
SS4,Rochford,Essex,England
SS5,Hockley,Essex,England
SS6,Rayleigh,Essex,England
SS7,Canvey Island,Essex,England
SS8,Canvey Island,Essex,England
SS9,,Southend-on-Sea,England
ST1,,Stoke-on-Trent,England
ST10,Cheadle,Staffordshire,England
ST11,Forsbrook,Staffordshire,England
ST12,Barlaston,Staffordshire,England
ST13,Leek,Staffordshire,England
ST14,Uttoxeter,Staffordshire,England
ST15,Stone,Staffordshire,England
ST16,Stafford,Staffordshire,England
ST17,Stafford,Staffordshire,England
ST18,Hopton,Staffordshire,England
ST19,Penkridge,Staffordshire,England
ST2,,Stoke-on-Trent,England
ST20,Gnosall,Staffordshire,England
ST21,Eccleshall,Staffordshire,England
ST3,,Stoke-on-Trent,England
ST4,,Stoke-on-Trent,England
ST5,Newcastle-under-Lyme,Staffordshire,England
ST6,,Stoke-on-Trent,England
ST7,Kidsgrove,Staffordshire,England
ST8,Biddulph,Staffordshire,England
ST9,Bagnall,Staffordshire,England
SW1,Westminster,London,England
SW10,Kensington,Greater London,England
SW11,Wandsworth,Greater London,England
SW12,Wandsworth,Greater London,England
SW13,Richmond,Greater London,England
SW14,Richmond,Greater London,England
SW15,Wandsworth,Greater London,England
SW16,Lambeth,Greater London,England
SW17,Wandsworth,Greater London,England
SW18,Wandsworth,Greater London,England
SW19,Merton,Greater London,England
SW1A,Westminster,London,England
SW1E,Westminster,London,England
SW1H,Westminster,London,England
SW1P,Westminster,London,England
SW1V,Westminster,London,England
SW1W,Westminster,London,England
SW1X,Westminster,London,England
SW1Y,Westminster,London,England
SW2,Lambeth,Greater London,England
SW20,Merton,Greater London,England
SW3,Kensington,Greater London,England
SW4,Lambeth,Greater London,England
SW5,Kensington,Greater London,England
SW6,Hammersmith,Greater London,England
SW7,Kensington,Greater London,England
SW8,Lambeth,Greater London,England
SW9,Lambeth,Greater London,England
SY1,Shrewsbury,Shropshire,England
SY10,Oswestry Rural,Shropshire,England
SY11,Oswestry,Shropshire,England
SY12,Ellesmere,Shropshire,England
SY13,Whitchurch Rural,Shropshire,England
SY14,Malpas,Cheshire West and Chester,England
SY15,Montgomery,Powys,Wales
SY16,Llanllwchaiarn,Powys,Wales
SY17,Caersws,Powys,Wales
SY18,Llanidloes,Powys,Wales
SY19,Llanbrynmair,Powys,Wales
SY2,Shrewsbury,Shropshire,England
SY20,Glantwymyn,Powys,Wales
SY21,Castle Caereinion,Powys,Wales
SY22,Llansantffraid,Powys,Wales
SY23,Llanfarian,Ceredigion,Wales
SY24,Geneur Glyn,Ceredigion,Wales
SY25,Tregaron,Ceredigion,Wales
SY3,Shrewsbury,Shropshire,England
SY4,Myddle,Shropshire,England
SY5,Longden,Shropshire,England
SY6,Church Stretton,Shropshire,England
SY7,Hopesay,Shropshire,England
SY8,Ludlow,Shropshire,England
SY9,Lydham,Shropshire,England
TA1,Taunton,Somerset,England
TA10,Langport,Somerset,England
TA11,Somerton,Somerset,England
TA12,Martock,Somerset,England
TA13,South Petherton,Somerset,England
TA14,Norton Sub Hamdon,Somerset,England
TA15,Montacute,Somerset,England
TA16,Merriott,Somerset,England
TA17,Hinton St George,Somerset,England
TA18,Crewkerne,Somerset,England
TA19,Ilminster,Somerset,England
TA2,Staplegrove,Somerset,England
TA20,Chard,Somerset,England
TA21,Wellington,Somerset,England
TA22,Dulverton,Somerset,England
TA23,Williton,Somerset,England
TA24,Wootton Courtenay,Somerset,England
TA3,Stoke St Mary,Somerset,England
TA4,Lydeard St Lawrence,Somerset,England
TA5,Spaxton,Somerset,England
TA6,Bridgwater,Somerset,England
TA7,Stawell,Somerset,England
TA8,Burnham-on-Sea,Somerset,England
TA9,Burnham Without,Somerset,England
TD1,Galashiels,The Scottish Borders,Scotland
TD10,Greenlaw,The Scottish Borders,Scotland
TD11,,The Scottish Borders,Scotland
TD12,Cornhill-on-Tweed,Northumberland,Scotland
TD13,Cockburnspath,The Scottish Borders,Scotland
TD14,,The Scottish Borders,Scotland
TD15,Berwick-upon-Tweed,Northumberland,Scotland
TD2,,The Scottish Borders,Scotland
TD3,,The Scottish Borders,Scotland
TD4,Earlston,The Scottish Borders,Scotland
TD5,,The Scottish Borders,Scotland
TD6,Newtown St Boswells,The Scottish Borders,Scotland
TD7,,The Scottish Borders,Scotland
TD8,Jedburgh,The Scottish Borders,Scotland
TD9,,The Scottish Borders,Scotland
TF1,Wellington,Telford and Wrekin,England
TF10,Newport,Telford and Wrekin,England
TF11,Shifnal,Shropshire,England
TF12,Broseley,Shropshire,England
TF13,Much Wenlock,Shropshire,England
TF2,St Georges and Priorslee,Telford and Wrekin,England
TF3,Hollinswood,Telford and Wrekin,England
TF4,Telford,Telford and Wrekin,England
TF5,Wellington,Telford and Wrekin,England
TF6,Rodington,Telford and Wrekin,England
TF7,Madeley,Telford and Wrekin,England
TF8,The Gorge,Telford and Wrekin,England
TF9,Sutton upon Tern,Shropshire,England
TN1,Royal Tunbridge Wells,Kent,England
TN10,Tonbridge,Kent,England
TN11,Tonbridge,Kent,England
TN12,Yalding,Kent,England
TN13,Sevenoaks,Kent,England
TN14,Dunton Green,Kent,England
TN15,Wrotham,Kent,England
TN16,,Greater London,England
TN17,Cranbrook,Kent,England
TN18,Four Throws,Kent,England
TN19,Burwash,East Sussex,England
TN2,Royal Tunbridge Wells,Kent,England
TN20,Mayfield,East Sussex,England
TN21,Heathfield,East Sussex,England
TN22,Uckfield,East Sussex,England
TN23,Ashford,Kent,England
TN24,Ashford,Kent,England
TN25,Wye,Kent,England
TN26,Shadoxhurst,Kent,England
TN27,Smarden,Kent,England
TN28,New Romney,Kent,England
TN29,St Mary In The Marsh,Kent,England
TN3,Royal Tunbridge Wells,Kent,England
TN30,Tenterden,Kent,England
TN31,Peasmarsh,East Sussex,England
TN32,Salehurst,East Sussex,England
TN33,Battle,East Sussex,England
TN34,Hastings,East Sussex,England
TN35,Hastings,East Sussex,England
TN36,Icklesham,East Sussex,England
TN37,Hastings,East Sussex,England
TN38,Hastings,East Sussex,England
TN39,Bexhill,East Sussex,England
TN4,Royal Tunbridge Wells,Kent,England
TN40,Bexhill,East Sussex,England
TN5,Wadhurst,East Sussex,England
TN6,Crowborough,East Sussex,England
TN7,Hartfield,East Sussex,England
TN8,Edenbridge,Kent,England
TN9,Tonbridge,Kent,England
TQ1,Torquay,Torbay,England
TQ10,South Brent,Devon,England
TQ11,Buckfast,Devon,England
TQ12,Newton Abbot,Devon,England
TQ13,Bovey Tracey,Devon,England
TQ14,Teignmouth,Devon,England
TQ2,Torquay,Torbay,England
TQ3,Torquay,Torbay,England
TQ4,Torquay,Torbay,England
TQ5,,Torbay,England
TQ6,Dartmouth,Devon,England
TQ7,Kingsbridge,Devon,England
TQ8,Salcombe,Devon,England
TQ9,Totnes,Devon,England
TR1,Truro,Cornwall,England
TR10,Penryn,Cornwall,England
TR11,Falmouth,Cornwall,England
TR12,St Keverne,Cornwall,England
TR13,Helston,Cornwall,England
TR14,Camborne,Cornwall,England
TR15,Redruth,Cornwall,England
TR16,Redruth,Cornwall,England
TR17,Marazion,Cornwall,England
TR18,Penzance,Cornwall,England
TR19,Sancreed,Cornwall,England
TR2,Tregoney,Cornwall,England
TR20,Ludgvan,Cornwall,England
TR21,Isles of Scilly,Isles Of Scilly,England
TR22,Isles of Scilly,Isles Of Scilly,England
TR23,Isles of Scilly,Isles Of Scilly,England
TR24,Isles of Scilly,Isles Of Scilly,England
TR25,Isles of Scilly,Isles Of Scilly,England
TR26,St Ives,Cornwall,England
TR27,Hayle,Cornwall,England
TR3,Perranarworthal,Cornwall,England
TR4,Kenwyn,Cornwall,England
TR5,St Agnes,Cornwall,England
TR6,Perranporth,Cornwall,England
TR7,Newquay,Cornwall,England
TR8,Colan,Cornwall,England
TR9,St Columb Major,Cornwall,England
TS1,,Middlesbrough,England
TS10,Redcar,Redcar and Cleveland,England
TS11,Saltburn Marske and New Marske,Redcar and Cleveland,England
TS12,Skelton,Redcar and Cleveland,England
TS13,Loftus,Redcar and Cleveland,England
TS14,Guisborough,Redcar and Cleveland,England
TS15,Kirklevington,Stockton-on-Tees,England
TS16,Egglescliffe,Stockton-on-Tees,England
TS17,Thornaby,Stockton-on-Tees,England
TS18,,Stockton-on-Tees,England
TS19,,Stockton-on-Tees,England
TS2,,Middlesbrough,England
TS20,,Stockton-on-Tees,England
TS21,Sedgefield,County Durham,England
TS22,Grindon,Stockton-on-Tees,England
TS23,,Stockton-on-Tees,England
TS24,,Hartlepool,England
TS25,,Hartlepool,England
TS26,,Hartlepool,England
TS27,Monk Hesleden,County Durham,England
TS28,Hutton Henry,County Durham,England
TS29,Trimdon,County Durham,England
TS3,,Middlesbrough,England
TS4,,Middlesbrough,England
TS5,,Middlesbrough,England
TS6,Redcar,Redcar and Cleveland,England
TS7,,Middlesbrough,England
TS8,Stainton,Middlesbrough,England
TS9,Great and Little Broughton,North Yorkshire,England
TW1,Richmond,Greater London,England
TW10,Richmond,Greater London,England
TW11,Richmond,Greater London,England
TW12,Richmond,Greater London,England
TW13,Hounslow,Greater London,England
TW14,Hounslow,Greater London,England
TW15,Staines,Surrey,England
TW16,Staines,Surrey,England
TW17,Staines,Surrey,England
TW18,Staines,Surrey,England
TW19,,Surrey,England
TW2,Richmond,Greater London,England
TW20,Egham,Surrey,England
TW3,Hounslow,Greater London,England
TW4,Hounslow,Greater London,England
TW5,Hounslow,Greater London,England
TW6,Hillingdon,Greater London,England
TW7,Hounslow,Greater London,England
TW8,Hounslow,Greater London,England
TW9,Richmond,Greater London,England
UB1,Southall,Greater London,England
UB10,Hillingdon,Greater London,England
UB11,Hillingdon,Greater London,England
UB2,Southall,Greater London,England
UB3,Hillingdon,Greater London,England
UB4,Hillingdon,Greater London,England
UB5,Southall,Greater London,England
UB6,Southall,Greater London,England
UB7,Hillingdon,Greater London,England
UB8,Hillingdon,Greater London,England
UB9,Denham Green,Buckinghamshire,England
W1,Westminster,London,England
W10,Kensington,Greater London,England
W11,Kensington,Greater London,England
W12,Hammersmith,Greater London,England
W13,Ealing,Greater London,England
W14,Hammersmith,Greater London,England
W1B,Westminster,London,England
W1C,Westminster,London,England
W1D,Westminster,London,England
W1F,Westminster,London,England
W1G,Paddington,Greater London,England
W1H,Paddington,Greater London,England
W1J,Westminster,London,England
W1K,Westminster,London,England
W1M,Paddington,Greater London,England
W1S,Westminster,London,England
W1T,Camden Town,Greater London,England
W1U,Paddington,Greater London,England
W1W,Paddington,Greater London,England
W2,Paddington,Greater London,England
W3,Ealing,Greater London,England
W4,Hounslow,Greater London,England
W5,Ealing,Greater London,England
W6,Hammersmith,Greater London,England
W7,Ealing,Greater London,England
W8,Kensington,Greater London,England
W9,Paddington,Greater London,England
WA1,Birchwood,Warrington,England
WA10,,St Helens,England
WA11,,St Helens,England
WA12,,St Helens,England
WA13,Lymm,Warrington,England
WA14,,Trafford,England
WA15,,Trafford,England
WA16,Knutsford,Cheshire East,England
WA2,Birchwood,Warrington,England
WA3,Croft,Warrington,England
WA4,Appleton,Warrington,England
WA5,Great Sankey,Warrington,England
WA6,Frodsham,Cheshire West and Chester,England
WA7,Runcorn,Halton,England
WA8,Runcorn,Halton,England
WA9,,St Helens,England
WC1,Camden Town,Greater London,England
WC1A,Camden Town,Greater London,England
WC1B,Camden Town,Greater London,England
WC1E,Camden Town,Greater London,England
WC1H,Camden Town,Greater London,England
WC1N,Camden Town,Greater London,England
WC1R,Camden Town,Greater London,England
WC1V,Camden Town,Greater London,England
WC1X,Camden Town,Greater London,England
WC2,Westminster,London,England
WC2A,Camden Town,Greater London,England
WC2B,Westminster,London,England
WC2E,Westminster,London,England
WC2H,Camden Town,Greater London,England
WC2N,Westminster,London,England
WC2R,Westminster,London,England
WD1,Watford,Hertfordshire,England
WD17,Watford,Hertfordshire,England
WD18,Watford,Hertfordshire,England
WD19,Watford Rural,Hertfordshire,England
WD2,Potters Bar,Hertfordshire,England
WD23,Potters Bar,Hertfordshire,England
WD24,Watford,Hertfordshire,England
WD25,Watford,Hertfordshire,England
WD3,Chorleywood,Hertfordshire,England
WD4,Kings Langley,Hertfordshire,England
WD5,Abbots Langley,Hertfordshire,England
WD6,Borehamwood,Hertfordshire,England
WD7,Radlett,Hertfordshire,England
WF1,,Wakefield,England
WF10,,Wakefield,England
WF11,,Wakefield,England
WF12,Dewsbury,Kirklees,England
WF13,Dewsbury,Kirklees,England
WF14,Mirfield,Kirklees,England
WF15,Dewsbury,Kirklees,England
WF16,Dewsbury,Kirklees,England
WF17,Dewsbury,Kirklees,England
WF2,,Wakefield,England
WF3,,Leeds,England
WF4,Crigglestone,Wakefield,England
WF5,,Wakefield,England
WF6,Normanton,Wakefield,England
WF7,Featherstone,Wakefield,England
WF8,,Wakefield,England
WF9,North Elmsall,Wakefield,England
WN1,Pemberton,Wigan,England
WN2,Pemberton,Wigan,England
WN3,Pemberton,Wigan,England
WN4,Pemberton,Wigan,England
WN5,Pemberton,Wigan,England
WN6,Pemberton,Wigan,England
WN7,Leigh,Wigan,England
WN8,Ormskirk,Lancashire,England
WR1,,Worcester,England
WR10,Wick,Worcestershire,England
WR11,Evesham,Worcestershire,England
WR12,Broadway,Worcestershire,England
WR13,Colwall,County of Herefordshire,England
WR14,Great Malvern,Worcestershire,England
WR15,Tenbury,Worcestershire,England
WR2,,Worcester,England
WR3,,Worcester,England
WR4,,Worcester,England
WR5,,Worcester,England
WR6,Martley,Worcestershire,England
WR7,North Piddle,Worcestershire,England
WR8,Worcester,Worcestershire,England
WR9,Droitwich,Worcestershire,England
WS1,,Walsall,England
WS10,West Bromwich,Sandwell,England
WS11,Cannock,Staffordshire,England
WS12,Cannock,Staffordshire,England
WS13,Lichfield,Staffordshire,England
WS14,Swinfen and Packington,Staffordshire,England
WS15,Brereton,Staffordshire,England
WS2,,Walsall,England
WS3,Willenhall,Walsall,England
WS4,,Walsall,England
WS5,,Walsall,England
WS6,Great Wyrley,Staffordshire,England
WS7,Burntwood,Staffordshire,England
WS8,Brownhills,Walsall,England
WS9,Aldridge,Walsall,England
WV1,,Wolverhampton,England
WV10,Wednesfield,Wolverhampton,England
WV11,Wednesfield,Wolverhampton,England
WV12,Willenhall,Walsall,England
WV13,Willenhall,Walsall,England
WV14,Wednesfield,Wolverhampton,England
WV15,Bridgnorth,Shropshire,England
WV16,Chetton,Shropshire,England
WV2,,Wolverhampton,England
WV3,,Wolverhampton,England
WV4,,Wolverhampton,England
WV5,Wombourne,Staffordshire,England
WV6,,Wolverhampton,England
WV7,Albrighton,Shropshire,England
WV8,Bilbrook,Staffordshire,England
WV9,,Wolverhampton,England
YO1,,York,England
YO10,Heslington,York,England
YO11,Scarborough,North Yorkshire,England
YO12,Scarborough,North Yorkshire,England
YO13,Stainton Dale,North Yorkshire,England
YO14,Muston,North Yorkshire,England
YO15,Bridlington,East Riding of Yorkshire,England
YO16,Bridlington,East Riding of Yorkshire,England
YO17,Settrington,North Yorkshire,England
YO18,Pickering,North Yorkshire,England
YO19,Wheldrake,York,England
YO21,Hutton Mulgrave,North Yorkshire,England
YO22,Snainton,North Yorkshire,England
YO23,Copmanthorpe,York,England
YO24,,York,England
YO25,Driffield,East Riding of Yorkshire,England
YO26,Upper Poppleton,York,England
YO30,Rawcliffe,York,England
YO31,,York,England
YO32,Earswick,York,England
YO41,Catton,East Riding of Yorkshire,England
YO42,Barmby Moor,East Riding of Yorkshire,England
YO43,Market Weighton,East Riding of Yorkshire,England
YO51,Boroughbridge,North Yorkshire,England
YO60,Thornton-le-Clay,North Yorkshire,England
YO61,Easingwold,North Yorkshire,England
YO62,Nawton,North Yorkshire,England
YO7,Sowerby,North Yorkshire,England
YO8,Selby,North Yorkshire,England
ZE1,Sound,Shetland Islands,Scotland
ZE2,,Shetland Islands,Scotland
ZE3,Toab,Shetland Islands,Scotland
